decimals,id,name,symbol
18,0x2c29c2bbdcb8c5de36fa3dbe0e7797b5396b0e61,MyToken,MTK
18,0x2c2bcea49520842335204495607b3cdaad04c2e9,pepperhand,pepperhand
4,0x2c30f4bdb0191b82b5e57c629a5021f96f7375d8,OPENAI,CGPT
18,0x2c323c409590707b555530bd3becb1937e59a4ad,POO,POO
18,0x2c331e2b6a2fa359038ed4bc71f653df00a9c187,TimeToMoney,TMT
18,0x2c336a7a30e1a71cedb2e86d97caa0cdd829fa88,Clank,Bscclanker
18,0x2c339a65808f6c5113161c4e08c3b595cfdac302,RagnarokToken,RAGN
18,0x2c33b6ee05e2e50b129489475ba0b120ba4a5a17,56ssa,das564d
18,0x2c347c170fbb3dcf01499e6e5fe54e265b0576ba,PAPACOIN,PAPAS
18,0x2c35f02952c02aee45a8993cca24a3024a563197,Pepe,PEPE
18,0x2c37d9a0980aea48614b991a1d92fee8e9c5bd98,VUNDIO,VUN
8,0x2c393f4018dd2eb77f2db115268c68d11e8d0b06,PUNDU,PUNDU
2,0x2c3992b3eacd43a6c04cf9d4b29a5bc365a99481,CZ AIBNT2,CABT2
18,0x2c3a306878345484dd3f6f7868698626bd6d59c6,anime grok,animegrok
18,0x2c3d38fdb93c43f482c6b91db57ede1e6f9cf406,QUARKDUCK,QUARKDUK
9,0x2c3d7293ed239178f838bd8ad61739acf1999b95,Dymension,DYM
4,0x2c3e1805fb2be3007a92490926a1751e80a5706d,JupiterPe,JPE
18,0x2c3e36f2a220f0562363f5239c71ff713b26bf5d,Stanley Mask,STMK
18,0x2c3ece7b0af068f7b4f45bb27382d9d58accb388,Whiskers Token,MEOW
18,0x2c4338b42ee27956775d1a67565184375fb9ebe2,FairMint Anglerfish,Anglerfish
18,0x2c447cbb75fe9ee1cd73de1a62338ba9f3fdedb4,MMJ,MMJ
18,0x2c44a7ac04715485ea7cbe99b6f7bf775da2bdfc,cxzcsdf,dsfsv 
18,0x2c44b726adf1963ca47af88b284c06f30380fc78,ConstitutionDAO,PEOPLE
18,0x2c45560bc707f7addb8df848a9ba6cd9f30faeec,Giggle Mascot,Max
18,0x2c45ed839aaefad5d8ea2c01eb1a440ea001e868,JPEG,JPEG
18,0x2c477903ecc691c7e523be1efba88f8198a654ad,BLUE BOTTON,BB
18,0x2c487d0589b8c3366f7d83fa8a5ab5ed3fc85440,Oreo Swirl,OREOFLY
18,0x2c4a69f66ae6894ff03543f26bac9c745209ac47,baa,Aa
18,0x2c4b0aeed87f7e28e17c42bdaf2bc090f48ddb76,Endgame,OVR
18,0x2c4b44cba94b3b316076dfdfbbf363c775a83ea1,YSHIB,YSHIB
18,0x2c4c56549ab5cc78c55ba05d8e8d5df8659e559e,IDK,IDK
18,0x2c4fbd630f40e3b781d1994ed5ff67afe0d73baf,Miles Mart Token ,MMT
18,0x2c5272727153856039ff5db6b974f3d118c7c938,Humster Kombat,HMSTR
18,0x2c5597a2e031316fc66c994c555d5e207bece465,HarrisCoin,harris
18,0x2c55e04ef2ffeda122007eb89f2aebe357ef2ce9,OSKDAO,OSKDAO
18,0x2c577f0f22fdbd3c1d9ce13ace0673f24be98eca,Fe em Deus,FED
18,0x2c57da891f08ff7240c3ac53f2211ba29f4f7c78,GUSD,GUSD
18,0x2c58df849840866c990eb4d34c8981d67bdaa3bb,Loxocoin,Lox
18,0x2c5bda1f2c7b8506cc93dfa8d6e6a1c76fa25740,sharijmochit,Sharij
18,0x2c5dc52f86b12243cb0b5d205ffe05c4c154f92a,Melo cats,Melo
9,0x2c6016298d4c8415cd255d98f1f00d47c40d089a,SQD TOKEN,SQD
18,0x2c619cb8f3f1f3258fee506d525585a83c72efcb,SPNToken,SPN
18,0x2c6329dc35ce15cd2d434cb910f43175ff74e946,Five Hundred SOL,SOL500
18,0x2c651f82cbb2e332b4b6950ea9ada0c5d8c86d4c,ef,ef
9,0x2c679ff53cf62f050908e7b0acc5adef05ddf661,Linea,LIN
18,0x2c67ab068e2402a5b31e30c1a26dc09c590000bb,comcord Bazz,Bazz
18,0x2c6804093bf3561f7f7bfce85faabb585b537c8c,QuackTrendz,QAK
18,0x2c6c2ba9d6e74de82ee8472f8974dce46f993c08,Skull,Skull
18,0x2c6c386852eec921d08a48794f802e5e769ed752,Floki Pepe,FLOPE
18,0x2c6c811aa1c67df5a47c0a358f0dc9a503542a71,Baobao,BAOBAO
18,0x2c6ed32dcac8568c188e1dcdbf42e34f22131231,Gumduck,GDK
18,0x2c71626b442bac696f8ef5502c33c094bc18767e,CaptainTrust,CaptainTrust
18,0x2c7164a67d358f633188c9907cd19c0b9a1b7617,Smeagol,GOLLUM
18,0x2c717059b366714d267039af8f59125cadce6d8c,MetaShooter,MHUNT
18,0x2c748bfce14e2978405fe1ec554fa9fc8e9a5195,Dragon,Drag
18,0x2c76c79b145ed283a892708f81a6d4942c482aa4,OLDWIF,OLDWIF
18,0x2c77dd15a9d7579bf65c6861e2229dcc8446f81d,SeraphAI Token,SAIT
18,0x2c783617c320e3877db0cf956925b4e64846a86f,Tokyo Punk,Tpunk
9,0x2c7b96908e7cf529ea2d82cad58417abe8d71eac,PEPE BLUE,PEPEBLUE
18,0x2c7c339b69d8b7d0a6f8d52fd6c2de99ad143c4c,test,test
18,0x2c7c3c7a7f87e74c2148d5eced95951647ed0523,sada,wqeqw
18,0x2c7c6a783a7b1e27fe286216bac3136c0637be41,SHIBA INU v2,SHIBA
18,0x2c7cd87db172bb1026b71e9d144a63c61055de3b,GigaCoin,GIGA
18,0x2c8072b859ecbd14893d0549b5e1331448686227,420Cats,420CATS
18,0x2c8466d20111cecce05bed72202af7501dd0073a,ertwt,rtrr
18,0x2c84a38dfbb54d3fad6f422441e1e2903595a373,GTA6,GTA
8,0x2c84dbaf3e54a6a1c877adfec772419dd9eb9099,ETF Rocket,MoonETF
18,0x2c8cd2acef4adfb2611422d2a4a67b8f526e1ff4,Monday,Monday
0,0x2c8d4c3981981051875bf60955b2533b67067723,unknown,unknown
2,0x2c8d970d7c8c878db422c4bcd7d2542104ecfa2c,GEZY BEP20 Token,GEZY
18,0x2c8dca00aad5766c17a1ebddfa1bcadc0f6de253,Gravitacia,GRAC
18,0x2c8ded2de88d773bfe4ce7fda9b8a1d0b91d250b,yhh,tyry
18,0x2c937ef91b2103819b5df9b55d7c4e36826e0946,16th Century Indulgences ,16C
18,0x2c93860989b41df6947d63ddcf2dc1a1c9f62eca,okgra,jianlan
15,0x2c943848131fe0b2852963946f091bff663005f7,BAO_STORE,BAO
18,0x2c94f2482849510fe5a3c7c738d1df22b06f3a05,PEPEGA,PEPEGA
18,0x2c95a2a76d58c4f8b790d4b3d272a10b85bbd637,D.A.I.Wo,DAIWO
18,0x2c95aa792213a7955502f4cd1d9188f17c662460,MFT,MFT
17,0x2c95f2269b74b87b4ab8e8a048f411d83c0cd75b,BeagleAI,BEAG
18,0x2c96512551d2ecb93be0c25bdebbd3f7b0a54865,New Binance Logo,Binance
18,0x2c9680c1a294e1c9d14d300696669dc5e6f444c2,anthony AI,ATN
9,0x2c9884f834b200884f7edb59031b543c354e5137,USDT,USDT
18,0x2c98a27228eeb5af8e9ce0df8a1849e6ebf16521,OpenNetAI,ONA
18,0x2c9cbf1cbf9b24a497812105b0d1be41367892b9,MILITARYCOP,MTYC
9,0x2c9d8471b0a6cdb2436d86ffdb18945ee408eb0a,Floki Chairman,CHAIRMAN
18,0x2c9ef6d9418db546ca8f21c12114693b97e57fd1,USXD,USXD
18,0x2ca0504c37970253cd14d551c4ab1e4dda46fb05,BROCCOLI,BROCCOLI
18,0x2ca19db4a3ce39196b380f284e29bdbd28a974d7,X Coin,X
18,0x2ca1b9a8fb876f03be3a56ebae92f5574f585ad2,Baby BABYBNB,BABY2
9,0x2ca1dc134177f529ef16031c29832b87e90a98d9,chamu,cha
18,0x2ca298a8b7d100f41454bf1a6c53c0824dbe26e4,AIROCOIN,AIROCOIN
18,0x2ca350ecb3aa25efe1a9e334a741dc333b07d2d4,Mars Horizon,MARS
18,0x2ca571dda0d86464e59c8af20472d002c32637b8,Anh,Anchi
18,0x2ca6c4a32f591e611fa0fe145a12a870c6369f68,Test,Test
18,0x2ca843c5490566a8f44f5a7e52c89f653ce13af5,BeterToken,BTR
18,0x2ca97f1919cc33c86c6649ad070c616c70a5f303,CEOToken,ceo
18,0x2ca9c74f20d6b5c5b4d7d81e9240df45c36311e9,Lontrump,LTP
18,0x2cac4b15d6dea79978dccdd9ee053e9d1abc3725,xbtAI,XBTAI
18,0x2cae9b68425b744e44a44529282b3bd4b97a8932,Kamal,KML
18,0x2cb162061feed36de312c4d3ec231440724bddcf,1,1
18,0x2cb3f6d280c89c5db67c46135f00da95106389e4,MiniBNB,MiBNB
18,0x2cb5001882cb7d798ea8138bcd51a5554e2fabc4,Tether USD,USDT
18,0x2cb84aa4c0a1ddeac0ea39fa9b2712ba2300e5b0,Nigger,NG
18,0x2cb982ff4d4f35726a17bd4441ed26e98ea4e9ed,èµ·é£ž,qf
18,0x2cb997120c3cca8c1bc1ddd6c9c32f0ca32bf0d1,SADDOG,SADDOG
18,0x2cb9bbe6e68204828af22b0d903d3038207d4924,NEW STABLE TOKEN,NST
18,0x2cb9ec7df8710ae3b7ab76581c1a04d6d926b5b3,iadj,dadak
18,0x2cbac95dc3bd112830cde7f3f318c0d1994a56f1,SNFOUR,SSN
18,0x2cbb7ed6df89ae9f3427a54f82b9116d3dc3b53f,Africarare,UBU
18,0x2cbfc839ab5e8407dd60b576bb7f430ec2bd8fb3,AI Power Token,AIPT
18,0x2cc1bb97c69f58e3c3fb18b0b466aa6d7a98a60d,Muskbeatsbezos,MBB
18,0x2cc20ea5cd5f72fb1b331cf0ba60258279d655f5,BLACKROCK,BUIDL
18,0x2cc29645c631d76ea28f404463527e32ff6a41b7,Pirate DuckCoin,PDC
18,0x2cc3fb55d1bbc4fa9bb02e89ae94e06fbc7a1c4a,LdldFi,LDLD
18,0x2cc418e08620ca480d2a25a05b08b6ddf6244543,SAGA COIN,SAGA
18,0x2cc6cea1692f2be0abde61218bd0c7f7813fb2ab,GraCz,GraCz
18,0x2cc8a05efc5bec6e0b9f38ab5e58f0e904a718d5,CAPITAL CARTEL,CACA
18,0x2cca620e06b0d85e9498939cb5a6969a43b1a1e1,Lyra,Lra
18,0x2ccb747f969355e792f21335c54b92cd75c87d0c,Stellaris Token,STEL
18,0x2ccbfbd024bf40e7a844090291fdd58a47c068af,CHINA,CHINA
18,0x2ccf5d7aa81950719e7d706ae48ceb77ae05f7e5,Fibonacci Stream,FIBST
2,0x2ccfd296cb5c65025c311347a30676af96746240,LayerZero,ZRO
18,0x2cd000f8d1ded70ac7b8f9a280f1b43538aa9704,Micro Finance Solutions,MISOL
18,0x2cd18d5a313572561c381555ebb073af3d96a908,liquidity dilemma,EXLRETL
18,0x2cd1f76c45cb82fa68740977e1bf9ab0d9a74845,dsighohu,bdhgi
18,0x2cd29d7736b0bb8e9c0f2aee8ad8e050470b99fe,Peep,Peep
18,0x2cd3bc03682d0d442ce10bf7462c8fc54f01c6b6,Touch GRAss,GRAss
18,0x2cd4463c2b0e6d6251b8b4792861715dd067407d,Moon,MOON
18,0x2cd76cb621cfacc7554c4af9c1485dce6aeb8a9e,usdT,USDT
18,0x2cd7ada0b976bc8c1115dc1f01002303cb88ebb1,jihkhk,uiihihi
18,0x2cd860ec101285c86483054cb776cb5021e80ae8,Doggo on the bsc,Bdoggo
18,0x2cd8b1b64f4e8937e8973065f5c1f232479512f6,WTF,WTF
18,0x2cd9c7acd086611679ac4201e309eac9c13553e5,GrandCz,GRCZ
18,0x2cdd9a78c768311ca58435b1901a123ad053204e,Twitter Inu,TTInu
18,0x2ce2a9f626227f13f2fddaf114d2fac140928496,Live Dynamic Life,LDL
0,0x2ce2ef30e9337b2f94e14cb3cf2b1f8fae59ebe0,unknown,unknown
18,0x2ce37343a84e750e73d143514b414f92eb617e84,Steimberg,STG
18,0x2ce5a20f3f154ef0841562d3266331907bf8815b,Trump Family,TF
18,0x2ce6adc5601e2082e94e4b4a8ced0e5db2ed1308,Sinai,SINAI
18,0x2ce6c2d7f34dd4751d0b96bebd93a1171cd95eed,Crispy Bird,MOONCHK
18,0x2ce8b8ecc905b2d083c578e6fe7144b819580711,SpaceX LIVE,SPX
18,0x2ce91211650d48f241f6afdf45e36df93da96c22,QuackQuack,QCK
18,0x2ceae02f116f1001a23dea97796c4bcb17931041,Honeypot Token,HPT
9,0x2cef56efc032389bbe3f302b3944f958d803a598,S,S
18,0x2cefc59a7fef06977fdb7680e42c70be66f85985,CREEP ZAP,CRPRZ
18,0x2cefca0647926ec8ffb18e67135b42e5402bbe32,Bolsonaro Coin,BSCN
9,0x2cf103d9fa17856eb53d39be0f1fd7168f291ee0,BabyX,BBX
18,0x2cf129e932c1c4dbfd7bb3b69b23a08c8fc08b8c,Alvara Protocol ,ALVA
18,0x2cf1fc664c0ad08dadd0c30167256a291c825691,Based Shiba Inu,BSHIB
18,0x2cf3446ad2cc099acc067ff0340280633840d27e,5th Scape,5SCAPE
18,0x2cf38a351d25c1794b6d45d256ac6772edf4fea0,test200 Meme Token,MEME200
18,0x2cf4563e887cddc574d79c9d75e6d2419fe098fd,CHONK,CHONK
18,0x2cf5a1968cf2586588bec073d43fcf9a835c9366,xz,cc
18,0x2cf82a7545ada923c2268984cbb411274da834f3,Decentralized AI Hub,AI4DAT
9,0x2cf93cd272a4f096d6728a6cba503ee53b35c4d0,Fat Albert and the  Cosby Kids,FACK
18,0x2cf96442b96d29e85c0d183fbf04acbe9afe071a,Alien Hound,ALI
18,0x2cfae49d922e5ea669d28ec1a4f55c1767551e66,ARCENCOIN,ARC
18,0x2cfbe0e26c30ecdf3fa13300a135a791457f1a1c,CRYCOZ,CRYCO
18,0x2cfc26401fe777cd3f75e76ac384780f2b74147c,Toasting Loaf,TOASTBRD
8,0x2cffff497b4654bab2b113b86d40d292e930b5ff,RORO,RORO
18,0x2d00850c45bd785dd29ad887179053803fa0a938,CHILLFOX,CHILLFOX
18,0x2d04b4a9e09df7aea4df27863b546657f6b884cb,Baby Moo Deng,BABYDENG
18,0x2d05194d0045b253d63b5d4bc696e6fa17379bb6,SayLorBTC,SayLor
18,0x2d060ef4d6bf7f9e5edde373ab735513c0e4f944,AITECH,AITECH
18,0x2d063f143ff78f0703b6a0561c285dc7e743fd40,COCOCO,Petux
18,0x2d08bc8dfd273d9508cffa292693ea7f54197dec,GraDuck,GraDuck
18,0x2d0901e0298dc4667ad282fc85fc1463c0a44c42,test2,test2
18,0x2d0b8b1c457d37c306e9d4e9796fd2241218a685,TrollFace,TRLF
18,0x2d114b5bb037d18a1aca75975434f31c2cd64462,gfhdh,yyy
18,0x2d11f2c0fe721aad4f67fff5d2a11bf54afa3d15,USD Tether,USDT
18,0x2d133223b851fbdb0110ca6b41b88af91fb7f5a0,USDT,USDT
18,0x2d13e45f81a0c821f062bde82785d891dc889008,FTC,FTC
18,0x2d143fc5f420e179cf36a908342662fb41dfdebf,demo,demo
18,0x2d155a498d028dde37c827a1d0bcd3d2e39e21f7,DIEGO,DIO
18,0x2d1a7a5339d44712de8f221e43430d7dcaa82ca9,Tether USD,USDT
18,0x2d1d8dba8abece113c437277e4d11385835dc9da,Aethir,ATH
18,0x2d20af628241e904e09909424aa1becb26a15ae7,Test Senti Token,SENTI
18,0x2d22e93da3e01b2b94c4741a3a17a69415ec440c,bsrig`o,jiorth
9,0x2d24ff6330b4fd3d10b4c2a2b5100e0c3bbf5b78,Bitcoin AU Dollar,BTCAU
18,0x2d254fd0e1cde81fc3f4aac897ba768d009705d6,sv,ftnftn
18,0x2d2567dec25c9795117228adc7fd58116d2e310c,SquadSwap,SQUAD
18,0x2d27c6397ea8310f7f4708b21dc7ef6dda427113,alvise_oficial_,alvise_oficial_
18,0x2d27ce2c1b19c0fb72422053bea69e333269bf04,Artificial Intelligence Super Chain,AISC
18,0x2d290e7364e4529d96c41eff28d02ac319b466f4,Elon Pump,ElonPump
18,0x2d2ae543e5735689e67b407204fdaae57dee3823,PetPals,PetPals
5,0x2d2ba9d864ccb8224438806c6ca215ed0ce35518,LayerZero,ZRO
18,0x2d2cfd7fc8e9be4f844509c3cfdfe0d3c86e5d02,BabyOil,OIL
18,0x2d2d092b1ff56049db6673b3403d085f0fd52629,NOS,NOS
18,0x2d30db70104a8d7e5f2bbb03454bf6c498f79889,Smart cat,smc
18,0x2d31af0f874162e099ac2e64a87adfefdff62d8b,What's This Area?,SPCEFUN
18,0x2d3205d5fbd81313171505227605dba110d7beef,bdoge,bdoge
18,0x2d32683e364e67b856114308093f5a3f9c797572,DogeMafia,DOGEM
18,0x2d331f40c7f6f13e1db94d594d922574b16cff9e,Behind No bars,BNB
18,0x2d3429464788c99a1a8fe179ceedb7ea23e5529c,Tilon AI,TILONAI
18,0x2d34ae9a73a92b8baa5c3538631d649d5ab38609,YeLangcoin,YLC
18,0x2d34cb6b7cade8760863bd9bd82c556bb51cf020,czcz,czcz
18,0x2d34f7b4ca0d10fa9f85cd0660145768f9223e3c,Morpheus,MOR
18,0x2d35c695be9080d27ef5c6efe80beefcfaab8573,Echo Of The Horizon,EOTH
18,0x2d36d9ac3553cf12944ef2594aa47270a6e6a986,PI Moon,PIM
18,0x2d3a74f4181654638f8ae73e38f6d0b0e22b903b,thtrjdtykyul,rrhyj
18,0x2d3b329aed5d62945f35104cb73514f507929841,Tether USD,USDT
18,0x2d3d220c0e127272d1d9cb984fe6d311e8cba98b,Relaxed Victory,CHILVC
18,0x2d4133642a121ec1c3873c9c6112d2f62df22b57,Detodocoin,DTCN
18,0x2d426287dba67ca83f363a1ecc6cbb1746a96f28,Sun Token,SNT
18,0x2d42cee7a396e21df6c42a32a768354ba0c79e41,BNBDOG,BNBDOG
18,0x2d45f2e76b35630bb1cc14ebd48c1b92a101cc0f,Bonerz Justice,JSTBONZ
18,0x2d474d62976022879c37ba14178cdd5a2bbacdc0,CryptoAI GPT,CGPT
18,0x2d47e1419e773d7f735156cd1dab4da25dbd2682,Robotaxi,ROBOTAXI
18,0x2d481b5eef3a96911ba03dd73bf0588a388e9502,BossCZ,BCZ
18,0x2d4963ac547cb15866de5c2eaf3ac32a7ec3b3b8,PI Network ,PI 
18,0x2d4af2027bb78ab50b05f087820f08ceaa45296f,LASTWAR,LW
18,0x2d4b751a2d778fb55dc4eba58efb622f7c0c9edc,Solidity,SLD
9,0x2d4bb7f9a205b95646e5a8734dc73eea325a2fcc,Call OF Duty,COD
18,0x2d4c3f0cebe62f9af50fcb5361d66896271fd6a2,MoonBox,MON
18,0x2d4f96dcb5f7c19ac26c3f7c10e874ab59c26e1d,FUCKBOT,AFB
18,0x2d510af14f5ff5cf99a7246499a2af3f11b726be,Arcane,ARC
18,0x2d52f7bb0147e7d1026eceba3451890d6dfb98e9,HANDOU,HANDOU
18,0x2d5373997830e78b4d7cdb5552150ed8fb9a7410,Bars,Barsuk
18,0x2d54b4016f6291b47c2b38c790bc6993b04a5a11,Caroline CEO,ELLY
18,0x2d553e7cc5669163b15b8dc2bd0bd92e3fd3a9d0,HAPPYHAPPYHAPPYCAT,HPYCAT
18,0x2d55dcf816bad23396de646f135834729d6ca849,RURU,riru
18,0x2d5654550b3b44c4c1b123e690532343e5888b11,BOKU,BOKU
18,0x2d579cf44d48dd3b925a8cd3ba7cdf3b2bc47b28,Knowledge of the Abyss,DKX
18,0x2d57bcecf5a2f239f3e294c311167e4077a7ce82,Pi Network,Pi 
18,0x2d58708c080500a1462e7300f86a81a3982f2f78,GOYDA,GOYDA
18,0x2d597153cd183d4846fde23136778ac04e851ce9,UkraXine,UkraXine
18,0x2d597a0a95399a6a62884c30c3f6a08553bf6be7,ShibTrumpium,MSGA
18,0x2d59b14dfbcc4adbc864feed7748d47470016c74,CrimsonWave,CWVERM
18,0x2d5c9167fdd5c068c8fcb8992e6af639b42fbf70,Merge,MERGE
18,0x2d5cfa8cc71d81e0b663bc723b0e16aece7e6c24,test,tst
18,0x2d5e031441dd653a32c6b4fc5fb45ddf8c8b43e3,Water And Road,WAR
18,0x2d5f3b0722acd35fbb749cb936dfdd93247bbc95,BabyBNB,BABYBNB
18,0x2d5f7af8422b1049dbc9a270e5c5833b64293a3d,vcxvx,csadf
18,0x2d5fe7a986277930da466e3f3cc21ed86851db33,fgjkyukgu,fhthk
9,0x2d61afb205eea37febadea628a4bac59680fc11a,FLOKITA QUEEN,FLOKITA QUEEN
18,0x2d64f3d740490488a95d89dda2ca8dfffe3912ba,Wrapped FOUR,FOUR
18,0x2d65d4c39524c03c86c004731a488c2d935d8ce5,TAXICOIN,TAXIS
18,0x2d673a4ba403023d8037ac297db37858da8aa03f,twtwf,dfgbb
18,0x2d67ddc34a124a7917d540d7a5dcacf86d14f462,Valentine's Day,HVD
18,0x2d6ad8de5b68d4a43d57bcfda412f7166de0aefb,Dogcat ,Dcat 
18,0x2d6e1874a7589f03668634ea37b78594fb36ca05,Siroga,Srg
8,0x2d6e7de3e470bbef38cdfed589fa88102ba3134a,VDS,VOLLAR
18,0x2d6ec5ee20dd6c7798f3d43ac25ab99533ebc991,fbjfwa,saaq
18,0x2d711c71e8e8eb617eee6c965222d673fe3bc765,BIAOQING,BIAO
18,0x2d738b2467e85fd39cc282dc5e73d2b0f380ea8a,eMARKETCOIN,EMC
18,0x2d7405dfa7b66d9add49688cb38336f84c153c3d,Wrapped Game Token,WGT
18,0x2d753f137f514af8891d502670ea11b98a1056a6,wdfvff,ffdff
18,0x2d76a310c71793e4085338e9f6bdd7c0a2df0ff4,hfoig,bdisfyg
18,0x2d7744a5a0b1830a803f750be397e4969dd12ae8,PRESIDENT,PRESDNT
18,0x2d784ab1ebe6af3972e80b2c95a76b12ff08cbb8,Bunny Snatched,PBNY
18,0x2d78653a30e29afe4f4ffc88916fdceae1045ad4,OiO,OiO
18,0x2d79375bcb6e6a7a0a463d9739a0e8714294af4c,YONK,YONK
18,0x2d7a25fc31052065155f72c11ee5c20f1d495c51,CartelFi,CARTFI
18,0x2d7c5d62b713e2acfa88c7e10e2e55ec09126e86,binancedogs,Bdogs
18,0x2d7e10fa0ecc36ac5fff432ce0872965e3a8d6f2,MHS_TOKEN,MHS_TOKEN
18,0x2d81f89f58ff4adecd582e2076705b537f82a933,hadhjadja,dhnajwq
18,0x2d8659d3a507dc4f6ba4a534766a6d73750244e4,SharkToken,SHR
18,0x2d865c7ede75bcfaab83c4478b3ae158dbcde343,Meow,Meow
18,0x2d87f4031c3c48dfc0f3d2fbfcaf7fc6dbb7c96d,btc,btc
9,0x2d8ac4a66951face9e06ce52a694b21d79790cfe,Azuki ,AZUKI
18,0x2d8b8b5c53635f6eb08ee3b9d1acbdf11ceb14e4,Primate Profits,MNGSTK
18,0x2d8bed9fb47575ee9ef5282822ed2a7dcf9e1c6b,wenyu888,wenyuaaa
5,0x2d8c0883528dca734485798ef442428005135116,profit2024,profit
18,0x2d8c90a7ec0032a6b7b1821c0f91f148bfc945dc,BabyKryaks,BBK
18,0x2d8d234e87fc79f3f37a3a49c5411c68b0130e7f,MAZUTONELOVE,MZT1LV
18,0x2d8d38db319465f133228723eb2c415d365d4769,UNITED STATES DOLLAR GOLD TOKEN,GOLDUSA
18,0x2d8f0975d1782bfde13a3509afd5df51ce0b282b,Grokster,GRK
18,0x2d910673c65a15a08b1fd64531b5810980cfc93e,ssdcaibi,ss
18,0x2d9364d61b5d7b9f64b8a6fb09e871db25335da2,DeDust,DeDust
18,0x2d952db0508953e8240e026367232e470fc739a6,Floki-Porn,Floki-Porn
18,0x2d974109d203a12448349a66402c9b2eef1f15c5,CZ 10M Followers,CZ10M
18,0x2d98c41ca640559b84ba817bfd68aae90b77d8c5,PAMBIII,PAMBI3
18,0x2d999b92b714c7a126c7eba8b3a03efda9a9e838,hiAZUKI,HIAZUKI
18,0x2d9a163fbd93332e0302f5e245c27acbdcf019af,fghjkl;lkjhgf,fghj
18,0x2d9aa65b58a136ab6a858d0d5b8f7d5a219052b0,Fresh Master,FRESHC
18,0x2d9ce95feae5dc8265c2acf979de2f057f037b67,Matilda,TLD
18,0x2d9cfbc73f0b1eaa07fa8ef8f5acf78f919eafd4,ARE YOU OK,ARE YOU OK
18,0x2d9d3dbbc64a089247815bef1cae6e79e4cbf4e7,BUSD Token,BUSD
18,0x2d9ed417669d48a446fe77c3546c53edc62aa59f,DogeNomad,DogeNomad
18,0x2da0d7e6366c2bae5963dccf619f0bb2c7c8b3ac,ZAILGO,ZAILGO
18,0x2da244d4e148237c1872a4e2f3c2ae8007ec08e4,BEST GENERATION ACADEMY ,BGA
18,0x2da3c364ebdec43d7a1656f23788b82c54d4d678,DukGra,DUK
18,0x2da41f0b928c7f202ca25a7eb24d9c273d83b100,Ape,Ape
18,0x2da4a25bc6e32415a860f762a2d863d9ad424f4b,BTCx100,BTCX
18,0x2da4b4bbba7bf3e5cada3dac9043e3f42a2121d9,Flogra ,Flogra
9,0x2da4b929d38fce321c7ce01af241ca918667d607,OpenAI GIX,GIX
18,0x2da63e26978b27ca854bdfe33f9866aa7c99813d,ALGONRICH,ALGO
18,0x2da63ebe7137221f50b710b5239d3e43e6921314,BestToken,BTK
18,0x2da6703ad270e218453217c4bd67adcb7a0ca107,CATVASYL,CTVS
18,0x2da7601332b5560a627811197ef26617025584d1,GraFunBeta,Fun
18,0x2da839033d68b53b4fe59550c914daf8c7dd248a,FLOKIGRA,FLOKIGRA
18,0x2da91257961b87e69fa13b2e20931d517dc97597,Lemon,LEMX
9,0x2da92c84f613513ec383d89bc9d76a5426e3a598,BOOST,BOOST
18,0x2daa6aa7f9e48e2c6b0b28046951b330f3710681,Chihuahuacoin,CHIHUA
18,0x2dab4789646aa4c4f3c1992475b2616cbf3ae3d6,Vana Coin,VANA
9,0x2dac8fda42057ee73bae4d2f54586c771848b907,KOKICA,kokic
18,0x2daf611539d35d43aca75c535681543bb2282045,"khjhgfxcvbnm,",jhgd
18,0x2db0742e4f60bee1ddb8e56c4317ffc903245317,XEN,XEN
18,0x2db31e7c1052b66614586352ebee966eebb55e1c,Opulent,OLT
18,0x2db346cb5b199f2967041a69833c23797f978ed7,Hat of Triumph,MHA
18,0x2db52e12ffa25effa90a68e4f771d3566c87035d,Pablo,PBL
18,0x2db78729b1b3c090c46e2f73404376a0e7176056,Platform Token,PLAT
18,0x2db92b615289f2133b3a085bfc416cf4749ec2be,GraBit,GBT
18,0x2dbb616e12bcaa5e05e07b76d7c1d5926a599cc4,ljjjm,gghegb
18,0x2dbbceb9fe3190352dd8765c0d184c87bcc23bca,Mada-I,$MADA
18,0x2dbd23f81dc83840d20154ceb0b18e8c1b0054d5,STP,STP
8,0x2dbe4595cd8868d3a39a32e036d9416d1774e3c5,Bitcoin SV,BSV
18,0x2dbfd8af454e81a5bd126116cfc7417ade106762,ATM TOKEN,ACST
18,0x2dbff567cd23cb4167cd823148f16c9e0d440a82,è„¸ä¹¦,TIKTOK
18,0x2dc0cfee0107b69007bdc29cfe67f9acb5fe8ff2,stabble Coin,STB
18,0x2dc1b8b40479625564b42c4a6a915b7f802db76a,d563as,sadas
18,0x2dc54127bb1cf4f29792001b420b1c4e4ef89013,token2024,TOKEN2024
18,0x2dc5969b9fe1aa62b4dc08d8e8ad27c367358a85,KRATHON,KRT
18,0x2dc5fd749b07d2b322d771b36d1fd35c3e6af85d,GXG,GXG
18,0x2dc64cb365c29f6d7ce11d686d2871a6359e088a,Safe,SAFE
18,0x2dc6ee0c4b341eb7d3a9ea26d3e229c90f31cdc5,nfcts,nfcts
18,0x2dc917b722184ece1dcb9bb9dddfb1d63ccd25eb,WHITE RHINOCEROS,WHRH
18,0x2dc9af5a88bed74681fd831496fca732cf523922,oiuygfdghjk,dfghj
18,0x2dce707c47fd9c0f1833a281f45e3e41ace2725b,dogwifhat,WIF
18,0x2dcf7c37d71ff9c26031ade9f521e9a3cf31dec1,BND,B
18,0x2dd339ea2458dbc16241efc29a16c83ec998bd7f,EcoGenesis Forest,CLINE
18,0x2dd37686b0eb6ffefa1568bab6b04518c8352e75,LogX Network,LOGX
18,0x2dd3813321c82af3acd36ea1d147cf908edd8ad4,Bob the Sponge,BOBSPNG
18,0x2dd41827fba44f892267593c1a980a0d123d9792,HOLD Coin,HOLD
18,0x2dd41a0bef78b4386156fa735a109e8cf14f9fb3,GraDuck,GOD
18,0x2dd63b12c5019b60ac38b34f79ff3b2b66b69151,SeriousCat,@SerCat
18,0x2dda0807c97c37f687a79eceb09758b711680615,Level X,LVLX
18,0x2dda72896d1267527bf84617047cd31b701cc068,World Tree,WODTRE
18,0x2ddaf79167aa2d236b9566f3d6c6ff8ec7d6969c,testing,test
18,0x2ddb89a10bf2020d8cae7c5d239b6f38be9d91d9,Shoki,SHOKI
18,0x2ddba78a4c40687f3fe8342a15c10d3cfebdf654,Virtual Joint,VJ
18,0x2ddea252070dfa836c6f3ffb70344fbd9208810f,PITBULL,PITBULL
18,0x2ddf8d7dcee521604de81d6c1dc81cd54c8a5267,BALB/c ,BALB
18,0x2ddfab72c879c72c0993c742b411f981f5e7f12c,What if we hold?,HOLD
18,0x2de05ae8248599df38513d7177a4aab59d6dc4a5,Bongo,BONGO
18,0x2de075ed4a20e54216a1b3d3dd588e80344fc604,FOSSADEILEONI,Fossa
18,0x2de1cb88e5104f6b7c607566d0897af517b8a493,USDT,USDT
18,0x2de4eca6051b7350dec019ef2b8796f0dd48fe68,MossCoin,MOSS
18,0x2de6dbb0baaeca5994ed9477140c3e6fd420a812,VEGETO,VEG
18,0x2de9325b2a11aee97f0f7c10afff66ceb86beb74,cake-air.com,CAKE-AIR.COM
18,0x2de9f9e23562102fb815229d51245668b4057280,WiFiNomics,$WIFI
9,0x2dea0bb9e03ba222b23bd244f5fbb360868f33b4,SincereDogeEmperor,SDogeEmperor
18,0x2deb13f6f15d79594279e43fd6ad90499b0c227a,Bolsonaro,JMB
18,0x2decd9fd4eee5f4515c302152fca5f7bccd448d8,New Dawn,LUA2023
18,0x2deda7be0fd692cdfc4026e60e64a01a669e9c06,Pink Shark,$PNK
18,0x2dee4565f3da1bee1f4cc5781648efb7bae06c57,Memzo,MZO
18,0x2df095cbe06bc39c9506d562ca9e3e1f45c9b474,ALF,Memo
10,0x2df2a49e0cf2b4faccf089e522eb6d3b63738e2c,TTMP,TTMP
18,0x2df2e90baa31a55e16c7463c871f146c398c016d,Bitcoinswap,BTCS
9,0x2df3774f46049da1efeb2b0c393efd7234b6ad56,King Grok,KingGrok
18,0x2df390e641746ce39bc49597e7cb415cbede1b3d,Bitlynx,BLX
18,0x2df46733a2862023b965dcba32482978ab06e40f,efee,vdd
18,0x2df7187dbafdcb4523a326e4f8aa025b7bbd45f6,FPIBANK TOKEN,FPIBANK
18,0x2df773bb18c08fcddf62800a613bcbff8e179812,ZT,ZT
18,0x2dfe40f417647b496bf6fd9ac340dad7564fe514,MAGABNB,MAGA
18,0x2dff6b4118640b378176f75def06baa4759a58fe,HuaHua,HH
18,0x2dff88a56767223a5529ea5960da7a3f5f766406,SPACE ID,ID
18,0x2dffb74a49e73a87d0367ed09df634ed265eb844,jfggh,tyrtty
18,0x2e003e42a9f7a9e04fb3ad4dcb98c62b2ff7ed2b,GraTON,GRT
18,0x2e038ba2b8dcd3e5b8eb411b7f612df76160a11d,5655,f56ds5f
18,0x2e0476ceadc6efe7dccf5a26e37cc1fa9612b3af,MEGAHRYAK,MGHK
18,0x2e0489803bb0f0be4790dad57e254e38a60bd989,xczxcx,xcv
18,0x2e0799feb44c0eaf941847c8964430d88af0cc80,BCCTTEST,BCC
18,0x2e095ec6ff269c50b3db0ec370854798e5ece76a,GRAFNU,GRAFNU 
18,0x2e0a123a76e695f019ee98f020aa4d045e204346,BabyETH,BBETH
15,0x2e0c1a0097dbebe849433e96362d05d8b0575f62,Trump,TRUMP
18,0x2e0c840eb977c125a645fbb57e7d8383b2089442,NFPrompt,NFP
18,0x2e0ce135a7fbea989fb5317f652c1cc5f3a346a2,Rook wif Hat,GRACH
18,0x2e0e1a60b9e98976795cfb9817a5b1cabcd626d5,Mortal,Mot
18,0x2e150c962f6bf8519c8fc77ec95e4bda7747d361,Apex of the Iceberg,CRYPTOIB
18,0x2e160f642c460dae8af30c3bfe26f205a1e3e169,Dr Shakoor Vakiliyan,DSV
18,0x2e179584d415f07a6cc7eb4559916a47380ad1d1,CATS,Cats
18,0x2e1cb9e4d710704480af5515121fc1dc07ee9dc7,Wen drop? ,WEN
8,0x2e1da8eb00cd1ff9b201f51e3705d87e06313881,Bismuth Win Bi,BWB
18,0x2e1dd5fc5e6ada9e93ff2ee238c7f7c07b92dc17,CZAI,CZAI
18,0x2e1fdb8bbac248af3cd4503b55b52db269fc3279,Kiracoin,KIRA
18,0x2e1fe35c34aaa6791b4f39317ceeac2ae3706ba5,Trial,GLHFTR
18,0x2e21629352ad0708ea93ff36d6bcbfb2b50956a5,oFrend,FREND
18,0x2e22152fc92889a2123347172ab91ca095a4f657,ZIPAI,ZIPAI
18,0x2e226cb12ea0260b2778eb22c964bca59c8312f8,HotSwapDerToken,HSDT
18,0x2e2464fd0e892c13985b958a61794eb9b66a8e0c,Prosty2t,PST
18,0x2e24772de90809945c42e4e3c58881b91b286215,DRAKON,DRK
18,0x2e271050af14433415c7f13b5138bbb740033879,ChimeraToken,CHM
18,0x2e2a92464b974ac879525ae8228bd45cdceae2aa,Orina,ORINA
18,0x2e2f6c0010b98f165c1c30e38ec1f4417103a35f,EL DELAY,SEED
10,0x2e2f982cc496dad2887189fdd5aa5329c2e5dc8a,open2metaverse,meta
18,0x2e31743a1c568342175ada7a5a8b93a3a2e9801c,SYBER,SYBER
18,0x2e325ae6778b1395025134d7f6c20f6542f76480,Next A16z Intelligence,DEBKAI
9,0x2e33cd767e5fa12f1b1cdcaa728f46d8eeafb66c,PEPE Baby Boss,PBB
18,0x2e36d042d862ee026680fa1368096d25ede9012c,Angel 2.0,Angel 2.0
18,0x2e38f78023a065d7b57e7b2cab3eefbe442a1a77,test,test
10,0x2e39bd16cb9ec3e06169867032bada97c8538de3,bee,MF
18,0x2e3b28543249ae2680e41f99e63a2508b370129a,Abattoir Of Zir,ZIR
18,0x2e3c251892cc5a4c6e23855e6fa14706fb055ac5,Miss El Salvador,MSELSA
18,0x2e3c9f54c9df4e8ab3e600261cf31fb5cc703c5b,The Hover Craft Club,THCC
18,0x2e40565771cf2bf8622c41cdd85701519f22418a,ZCore,ZCR
18,0x2e4458a7b1fbcc2a4c7451b79f9c7ec78ff2bd2e,Hello 6,HELLO6
18,0x2e451f17dff116e9c528f7dd4397a2b0c74da20e,BNBSNAKE,BNBSNAKE
18,0x2e45ea53c308d4893be2d832c26eda5282218ab0,LEAF,LEF
18,0x2e46156e6e93eb8565f8d114180f6639f0199154,Samir,Samir
18,0x2e477f353747752ffb838a28621722e6a3f50d29,METANIA V2,METANIA
18,0x2e48fc63aa64b090ec934206bc308f59b180ada9,News,NWS
18,0x2e4cc9a5005acb657cbbb3a1174df38a23ba8298,pepecat,PEPECAT
18,0x2e4d372565a0f902c8b71c263833e82fb5f7eb86,FOUR,FOUR
18,0x2e4f42806182fef37ef1a82b65cf121d83a2ebb3,ibizacoin,IBZ
18,0x2e4feb2fe668c8ebe84f19e6c8fe8cf8131b4e52,Kelly Legacy Token ,KLY
18,0x2e5048331bb17aebc9d402345d653e50a75e799f,Catt,Mi-au
0,0x2e51926f24b7bee86a9d751ce689f0aef459b8bc,Cushion,CUS
18,0x2e51b6f3181b342d098b1a939ae1944ed6768fd4,DEMON,DEMON
18,0x2e523cfa6649d7532599ff3a83666cdd810a7157,vhueywg,njidueg
18,0x2e52ebd637948e93cef3def1fe287bf6f4014eae,MOBILE SPORT,m-Sport
18,0x2e52f8e1edd8facaa75a3f0fdfd0dccf18d8759c,KikiCoin,KIKI
9,0x2e53414853f058a9bc14e052431008483bd85b4c,Grok,GROK
18,0x2e53bdeb47e59e40fd69d3f59cd3732338e87b10,Forkast,Forkast
18,0x2e550084df9bffba7f52407d6f0d1866320f6581,bdfui,bidfi
18,0x2e55b9b19d78100fa19f9dfeb2b4c9eaa216d40e,BILLY,BILLY
18,0x2e5639a35213bdb6a6832b432588b40624fa364e,universe,UN
18,0x2e567bbb041aaeac2d36c5fc48ef19e141f96510,Tether USD,USDT
18,0x2e567e4367c6546107b303e3c7c2a5d06fe46809,MELADY,MELADY
18,0x2e579f917b149e99322c8929445f3d9b9105380d,GoodVibesToken,GVT
18,0x2e588bdf0f57794e3d7b150193f2cab0923e8343,BWEN,BWEN
18,0x2e5928ffeb64c37d66924d9edf242728b8a0c068,Teller USD,USDT
9,0x2e5c178e1cb9770b76bdf6cf411b198c63f1acf7,Fight to MAGA,FIGHT
18,0x2e5c72b828e5034ccd1055dd6fb57999abcc6492,grow,gw
18,0x2e61d4daa4b5fcdf3c0324cece4d53423d93305e,Itelcoin,ITELCOIN
18,0x2e63371080ce00a4986038cb00958986e1c2da33,tugou,tugou
18,0x2e656bcdb6b136074b129045f2d6b8855741a6a5,MIAO,MIAOCOIN
18,0x2e67e1f07252e405fb6a3361297e57e13b7fce2a,BBB,BBB
5,0x2e69f6aab487bc5895705bb719f323bfe328107b,Your Coin,Your
18,0x2e6bfb6181252d9ca669697a20456347b9b0a6f6,LABUBU,LABUBU
18,0x2e71107b3b0a377e607387a19d27ca59e7fe6d8f,FREECZ,FREECZ
18,0x2e71f774e4a7d44e0d64be7aa15161a2589bedd4,bfue,buegb
18,0x2e72393a57287b1a09857db589b27bb0fd499922,Happy Cat,HAPPY
6,0x2e73e23b94f93277dcd9908dce4c0ecf3f7e9e3b,LiquidityUSDT,LUSDT
18,0x2e74870a26ecf90e76beeb9aa02c566524f97ae6,Doge mascot ,Doster
8,0x2e749f63435bba1ee48af1d87eb029ce1cc05528,Enti,NT
18,0x2e75cf86ba227ecba743351f9f1272c90e4c7f69,HUMF,HUMF
18,0x2e76c306e8e5aa40f34455ae2627dd28d14893cc,Dogs,Dogs
18,0x2e7766304df56161733fbd110dc308005a7859f6,WTHR,WTHR
18,0x2e779c04f7a2c48be2d2723c7de88bc77049f152,Revive Ireland,IRLMGA
18,0x2e7890bcb3b3221eaffcc8b93c6f42943844a632,LOVE,LOVE
0,0x2e79d57579ab5c236318acc06558fb1949d10bff,Redpanda Coin,RPC
18,0x2e7acf11307aae7cd99cd7e62efbe2abcaaeda71,USDT.z,USDT.z
18,0x2e7b2a111f6002455ae2c50df80eb01bfc41dbbf,$GRACAT,GRACAT
18,0x2e7bc3f516c96f847f52fa509f0ef8bfb8fb1062,dfssfs,erwr
18,0x2e7bd1400c5f6dc9f5f5d4d6a276957e4eccf647,Tesla,TSLA
18,0x2e7cc0f0928e0aed7e0bcfe222076bf5973b8481,Golden Ratio Token,FIBRAT
18,0x2e7ffd7c9c221d734e735f13ae0d899e9533cbbc,Meta Threads Token,Threads
18,0x2e80e7b67a94c029de151c112a0b6e042093f256,Polkadot Token,DOT
6,0x2e81090e7a29897b6cbfbd259321dd09f1fa2f9d,Shockwaves,NEUROS
18,0x2e81d06548a770cf556df2517084e6d8d3375d7d,Zoinks,ZOINKS
18,0x2e84c1d37a05c9d0ff0aaa9e87176f6a3882abd6,FORX,FORX
18,0x2e85a7b48ae7aaa1de757bfa941c2c1c9c633d47,cat,CATA
18,0x2e865328404962570e5c4b4ada7c2cb17895b7c2,blur,blur
18,0x2e868b06ce253fa96faa2b0408ffbca3529cef5d,Crypto All Stars,STARS
9,0x2e86fa6c4d394e06cc791ee5a4483588d2171cbf,BabyAlternaNetwork,BAN
18,0x2e88bf4848e04a0aa7d160c05129391a9c1aaebd,gaga,GG
6,0x2e8eda9c595ed07172d7b296d5f2602358103a2e,Tether USD cyx20 ,USDTc
18,0x2e92be2865b28e63c385c11a2df0db9975993a77,Baby Broccoli,BABYBROC
18,0x2e936339484268af642d0b6f5ccbbc435839dc82,Lion$ Coin,Lion$
18,0x2e93bc49348fa22ac91e58339c3bbaae69ad1408,aswd,caqqq
18,0x2e954e60ea4125efabda0f0bdedf1a68d6040e23,Progress,PROG
18,0x2e981512d5af172d024184bbba2685960728977b,Vikings,Valhalla
18,0x2e99e24010894f08668fa29aafecca998afc435c,LAB AI POSSESSIO COIN,LAP
18,0x2e9aca9dbac8afee088886ade5ce78c529dc3682,aZen,AZEN
18,0x2e9e575b540d6aa7fad77e605a09b288138db1ae,STEAM,STM
18,0x2e9f61ae2fde3c87a6de2d4bf80030bff6114bce,FCTOKEN,FCTOKEN
18,0x2e9f966c489ea78a94cd617405ffce2213599bdd,ImmortalCoin,IMTC
18,0x2e9f9dfc64ba8120577d46db5f05bd00567b9b33,MyToken,MTK
18,0x2ea21d4ffb9441460810a42a4b5b29de28857e8b,Grass,GRS
18,0x2ea2a37cdb07b1cac6f8cee73803f866308b1211,BABY CAT,BCAT
18,0x2ea69d797051a0a3fe9b008ec4abba37fef67116,WokenBroke,AWAKE
18,0x2ea6c9396b214c7cbc035eec57aed636e35bbd9b,Bonk Girl,BONKGIRL
18,0x2ea6d7bc881e6a6503b635d5cca9337ecd1fa3d6,POLYTTQCOIN,POLYTTQ
18,0x2ea726b6afd28fe8c07d4ecc1633219ef7c8703d,HOTTY,BABYHOT
18,0x2ea7f104de4b318a3aaeddc629334e8a8067bdd8,Crypto-AI-Robo,CAIR
18,0x2eaf707440974deba88f5b2425cadcc4821aa954,AZCoiner,AZC
18,0x2eafdfc59fd625857d1afd64373e6ba73ba47259,TRUMPSTK,TRUMPSTK
18,0x2eb0d06fad17a1ba62d705873cf5e49778794134,Jerry,JRY
18,0x2eb0d3c3160959fd5ee4f393a66ec4adcf1ad517,Aipenguin,Aipenguin
18,0x2eb150d6a3e7dacc7f21b0461fe40c7cac1175f3,DesertCoin,DSC
18,0x2eb215604dd6df6f82556bdac5dd4b6f3e7e545b,United States Dollar GBP Stablecoin ,USDGBP
18,0x2eb24acc37ef8419420111bc1ce6583227b1129b,Golden,Golden
18,0x2eb259650e6fdebca4a6dd50337de6f3e08c8366,Pussycat,PUSSY
18,0x2eb2d9e63aee6740220800c2840779729c751bc2,GrechkaCoin,GRCH
18,0x2eb2da81fd20f8dc0525b1ad2c270c61171defd8,BABYJESUS,$jesus
18,0x2eb3cbdba977b451983c0487f0ee59fe57f2d68b,DTSDEMO2,Dts demo 2
18,0x2eb66a5a1290eb91236e39147bf6e4038c14ad6e,OOPP,GDF5646
18,0x2eb7203a70868614baf1c9d5e7455d050f7fffc6,Bitcoin,BTC
18,0x2eb957766ae32c8af26d2de516b932819462cd6d,RudeCoin,RUDE
18,0x2ebf2dde825ce0ff530f1c863cba3e3fa612ef91,Binadian,Binadian
18,0x2ec186a5f1abad9f7ceb89ef73de5a11991673ca,Heart,Heart
18,0x2ec1b002fa333f32906c5d4561a95b224d2eb363,CONAN,Conan
18,0x2ec6316199e792803f209aa4869788640c07e2b5,My cute bunny,MCB
18,0x2ec778f03bcb3055dc608171b95a03153b4c3591,WALLSTBONUSâ€¤COM,WSM
18,0x2ec782bb2330829ea8e08d39315bbb02cad697f4,Darty,DARTY
18,0x2ec8e3eabd0ed4b8432f5ab8244c7dd32d357ce8,Jager,Jager
18,0x2ec9898da4621faa61981ddee71a6f851f733ff0,XToken,XToken
18,0x2ecba73cf2c3fc20da1d439e663803da270458c4,CRIPTO.A.S,PNT
9,0x2ecd1fdd73158566a78978befc33501826262760,Doge Inu,DOGI
18,0x2ece025259e07b3d620af3feac248b7a0fa8978d,JEJE,JEJE
18,0x2ecebd67f2ca884756585b45288caf9aa946e53f,the third eye,ajna
18,0x2ecee3f04fc5bc24b8c1dd589a1092e22a643105,JusticiaAi,JUSTAI
18,0x2ecfd6d9c11375ee56a7c42c8d620fdf344d3573,PunnyPetCoin,PPC
18,0x2ed17118b89482ed929cda8f800baa294aa6f069,BNNTRUMP,BNNTRUMP
18,0x2ed264526dc831960418aa923b0e70adf7310dc4,Elves,ELVES
18,0x2ed579dba88eadbad8088e62b0dfb0571030d350,Grokrium,Grokrium
18,0x2ed67b1856c0cb9384bce53a22ac7f8721d071e6,Iran,Ir
18,0x2ed8ca8841714d31768764db2f84c3eab091d01f,Bitcoin Private Token,BTCP
18,0x2ed9a5c8c13b93955103b9a7c167b67ef4d568a3,Mask Network,MASK
18,0x2ed9e96edd11a1ff5163599a66fb6f1c77fa9c66,Lead Token on BSC,LEAD
18,0x2edb95e8bcb17da714a318ecedeb28d7ca357958,SHIT,SHIT
18,0x2edbdc6d51dc6296c3d7d711fe47106e9c878436,nvjfrjkg,djriklgr
18,0x2edfa4f090b88bb1cd589f943c756cc8198802ed,Almaze,Almaze
18,0x2edfcf03433bf33945f8cb49bfcb9472a4a74643,GRAvy,GRAVY
0,0x2ee1dc012b9f455bf1c0d3356adad90340265d21,ERC741,HUB
18,0x2ee8716d5abb6a84caeb3b136c6f86aa45ed9a7e,DEVILEYE,EYE
18,0x2ee92be02f4236ac1d7f1e6df4be27e2f56ecf62,Gragon,GG
18,0x2eeaa9cbec6dfc1fa4faf97991acd8e74c5d55d7,Digitex,DGTX
18,0x2eeb11f936273eb54c41e75c01172e24a0a8a5f3,Pink Pepe,PPEPE
18,0x2eecb371d0e63793e0fe358633fdffa71c132171,MetaVerse Official,MVO
18,0x2eee582963bb219c28b72ee03c629b4c54484d1c,XU LONG,$XULONG
1,0x2eee7bff4e425e3eff514f289678bc3e7e02ad97,Vht coin,Vht
10,0x2eeeb6b3600cd3a2effd4b40b5a9dee46c379c8d,Sortika Coin,SRT
18,0x2ef0bcb94a8dee1d5625e2e47ff203a376340aef,Memefi is the best,MMF
9,0x2ef11e928c8b05409f918cab22928a6079b11091,DeFi,DEFI
18,0x2ef46729491d0f620b88e63310ad697de81e18d4,GOLDEN PHOENIX,GDF
18,0x2ef5ab3670ffb6e02c998aba4d199fa959c80254,The AI Avenger,AITRM
18,0x2ef7c1537bc81024778ed662117d8de94db037a1,DucklinGra,DUCK
18,0x2ef7ed0b967f947ad15bc29ba24fe3dd085c8bd0,Meme Canvas,MEMECNV
9,0x2ef98ed4febc19bd061dafdc7355fabc38cc05c1,SECRET22,SECRET22
18,0x2efac0ac16a05ea798416211889a892531ebe19f,Apu Apustaja,APU
18,0x2efadef206e6aeee002a5e1e00227b6b0f7a7bd1,Super DOG,SDOG
18,0x2efae9ae8f361a466fa349b3c616819776ebb7c7,PAR4 Bucks,PAR4
18,0x2efcfeb78d1ef3879f95aa2d87a1b571161af28b,AI Elephant Gaming,AIEG
18,0x2efd2a10355fc96c8e974d3daa1abb58cf2003fa,Gulandog,Gd
18,0x2efd75aa6c1debc3fa96e142912348dc83eb7d3e,Moonbix,MOON
18,0x2efd88cc8b93a823997735d2948f7574922e6453,Nasa coin,Nasa
18,0x2eff22c2528f579083456032c5daef5b33c47069,uibiu,bdieg
18,0x2f00c3f826fca4aa2008bb2f92858039fa72594b,Abu Obaida,ABU
18,0x2f037ac743718affbdd214d16287d192430ffb0f,Pepe DAO,PepeFi
18,0x2f05213f2f4cf110ff14fc743c64e93e8da88888,XSIJ,XSIJ
6,0x2f09f15db883b4b3bb168b65b20110bc33c5acb9,MT,MT
18,0x2f0a1eb034eef513baed0ce84227ae4f1986396b,HAMSTER CHEATERS,HMSTCH
0,0x2f0c6e147974bfbf7da557b88643d74c324053a2,Catcoin,CATS
18,0x2f0d932821d37a18439742c3eb30165752d0ed7c,JDCTESTV2 Coin,JDCTESTV2
18,0x2f0dca7f97cf480812221e6c2573981f89c2a185,HSBNB,HSBNB_
18,0x2f0df2e7d20a15d969b4a4df0b3bc30aab59ca05,GeoMarker,CATMAP
18,0x2f0e7bdd5b15abcc14a37a7b1a796b7befb7fe41,SHITToken,SHIT
18,0x2f105d51482dd679ade418f34fa6fbf46d13691c,break boy,break boy
18,0x2f11139fa612e4e0f9cfb9ce1c6de86d7845e144,MOODENG,@MODG
9,0x2f11ea99a7cd9f88d1f1ea7463a27e73328cf30e,Pixels,PIXEL
18,0x2f123ca42f3825cecb0293fa044292d24f8cbb51,ZukiVerse,ZUKI
18,0x2f142f9a5053c61fea9985c8b060abd16128eb78,BABYBSC,BABYBSC
18,0x2f1457099f798d8df739bfcd58eff5ec6cdaac24,Electricity,Electri
18,0x2f1adf2e1f41208d8635c2d17bd7d4115b0e6a61,ICU,ICU
18,0x2f21e435f4ab64943b4f5a946e177fad6c82c554,HashKey Global Platform,HSK
0,0x2f22a828451b4dafa1ccfc071bfde6d0eea4855e,qiuqiu,QIUQIU
18,0x2f23513f0aef718d42c762e02f9aad8e8f2b1e8b,Batman,BTN
18,0x2f239d09542f777a5c8942d25255084950e6960a,ffjkm,thhd
18,0x2f24890e425dbdf2aa98329064019e5de766b1f7,wdcfr,ddrgbh
9,0x2f249da7bce07894d463980a8f5700b717d098d8,BITCOIN,BITCOIN
18,0x2f24e4a2b93ad57722cf52f955aa2133fabcda73,Kururu,KURURU
9,0x2f2748a7655df4467a484a7eec05f4a237cc302e,PEGE INU,$PEGE
18,0x2f27fa32b535cff3a4c2a3ae37051b8992516818,Cattt,&
18,0x2f291e300c30a70948bc071d5f1fb3ee85d79818,SATS,SATS
15,0x2f2935a813de810bfc87e89e43b1d1553f6ebd12,EX Coin,EX
18,0x2f29bc0ffaf9bff337b31cbe6cb5fb3bf12e5840,Dola USD Stablecoin,DOLA
18,0x2f2b8260d4ad7a3ce4de964521dc5432f3fd5e31,Baby BEFE,BEFY
18,0x2f2e0f7716508f72f6fa907ca7a763d1149a0796,Euro~20,ETT
18,0x2f2e1ac9b60fcdc91b4d4ffcec64aa5b774d82f9,oni,oni
18,0x2f2e55b8e76c14f44f788544f164f1bb56bf0571,X MINING,XMINING
15,0x2f2e7ba5b7c2ed0ff445f26e591a0ab70881997f,69 Token,69T
18,0x2f3123e71ba371a5ff751aee2ca9c704e042927d,Distorted Genius,DGENIUS
8,0x2f31750a50df85d9c0ef88d0c2fe9f014233755a,Aluminum,ALUM
18,0x2f3391aebe27393aba0a790aa5e1577fea0361c2,Tako Token,TAKO
8,0x2f34e700031281873b8dd7557bc14b1e247beb62,BSC New Assets Token,BNAT
5,0x2f35069e3a4f2a76a3f4647a96c2f073db9ddbf6,NALS,NALS
18,0x2f36f963605f5fde00b64371db1337968fbde381,Leidens,LEID
18,0x2f37e1b17efd1183fae0d3c24acd68f55fb7dc5c,Tether,USDT
18,0x2f3b7ac71fc49a853383bf9a542babe519accf90,Vegetable Doge,VegaDoge
18,0x2f3b7d7b2bea32ffe50fac2ec9ba69fd6c2630e3,GigaGeeK,GIGAGEEK
18,0x2f3cbc71ef559a1ccb5c61617e7b50097cecf4ac,INQUISITOR,INQUISITOR
18,0x2f3f8900fb3cf2b9962c81bcb598d510797236b9,test100 Meme Token,MEME100
18,0x2f427d6091e5fd6c7e1319edbbd1e91861073bfd,xxx,XXX
18,0x2f42aef543e2fe33a51ebf99be9d0071f1ac47d7,Krtek / The Mole,MO
18,0x2f431c62312a612a9ec229be7732aad340002457,ApeX,ApeX
18,0x2f4470f97c568e6036c8bc0bafd1279563d57d46,Billion Local Coin,BLC
18,0x2f46a61ed19a72900c6ac72532431a12dd3899c7,SUSPICIOUS OWL,SUSOWL 
18,0x2f46fd4657748fb64f5c56cb5299e7c06d9fad4d,xfoihh,nosoirgb
18,0x2f47d0610c500e7a62b4dc9202a7bf676a2608fc,MOON INU,MOO
18,0x2f4848ee5b81fbf7ae7befff770a20b99244a9e7,PEPE MOON TOKEN,PepMoon
18,0x2f48f459489b3f073bf816c2ecd37b923cf530e5,Plank It Up,PLNKING
6,0x2f4a464a10060e41ad0ded178ffe45935e83802f,HKHX Token,HKHX
18,0x2f4b36442687e943e587b45cccc92d60c3c3502f,BedlingtonTerrierToken,BETT
18,0x2f4bc1f0df05d74386af86095de42c3c8e4f5414,pizda,PIZDA
18,0x2f4bcdb824d62b3a9755643ef7340ff0037f4908,BNLIZA,BNLIZA
18,0x2f4c3246ae9748202cb275a6f021cfc91b8958a1,Gold Travel Coin,GTC
18,0x2f5128941630389ae7facc1791a024559be205bf,Hamster,HMT
18,0x2f513a434e3b0826f7f0572e5eb4e1e254ae8ef4,RageCoin,RGC
18,0x2f559a34bd768812b27f666da80afa26ead7f003, babyfox ,BFOX
18,0x2f565a0bcfd34ea09d91128841d7ff26dd89fa70,Shoggoth,999999999
18,0x2f5a8141b8abb4a72425c078d224088bd345ca3b,FALSE,FALSE
18,0x2f5ac56a8cdd4b1915d306cde7d966344fb54c07,Ecliptor,ECL
18,0x2f5b063dc83bcb2ad6a05bfee70a7ee9e2139b8f,Gaza,GZA
9,0x2f5b4dafea58aad94a45b3792e7292ef751eb010,PepeAndFrens,PNF
18,0x2f5d40969db5587d377a0869a10fb69f2f726b34,DEXTER,DXT
18,0x2f5d7078f703e4426c528c34c9092c54640d1006,XYZ Token720,XYZ43
18,0x2f5eee27c608fe30f03cc74d1ffa2b7221c57789,TRYCELL,TRYC
18,0x2f5fad94e034a9e0916b872210bb9172d77fc4e6,ETH20,ETH20
18,0x2f62ef8783738d99e492ebabfdd37789534ab3c4,MadMC,MDMC
18,0x2f656140f77cf8c0e450f27973667d75c8a728bb,Trade Auto Laboratory,TAL
18,0x2f683941789e494d0ac08bfe8a788ba3a46f5bcd,Nazle,nazle
18,0x2f68a27b08ab458568eab2684df4318eb57e881b,Solarium,SLR
18,0x2f691f2e0a9a40fec8c1f42490a88e6d0f94988e,ghdtt,ghghh
18,0x2f6cf56798acd0047e2d4cfa3dfd46f93314b123,nvbvv,hfgg
18,0x2f6e64e65ddbdf86321dee1d47933b0e181dc801,HKT,HKT
18,0x2f6e9c4b0e732ce55050816533505346b4d8aa17,CHIBI,$CHIBI
18,0x2f7135daa6eaf6dfc191e85371facf63c527be8f,Arab coin,ACO
18,0x2f71d69ebef4a763edf934dd197ab3a5b87be547,CZ ðŸ”¶ BNB,CZ ðŸ”¶ BNB
18,0x2f73561df68b88f1b1e8fadafae54381cfaaf218,DeerFi,DeerFi
18,0x2f7798aa0da1f07638459c45591102c9bcdeebda,chinese,chinese
18,0x2f77d5f5c80c77bfb901fdee9534c07bb4a4053d,VeBetterDAO,VOT3
18,0x2f77d6212e483793db616f394f8c795945af4064,Oceanic Meme,OCMEME
18,0x2f77e54eb2afae5c426134aeeeda1ed65292c938,Panda Kung Fu,PKF
18,0x2f783246ac6bca252d2f12c114283ee706678da2,AfroPine,AFEPI
18,0x2f78e5429e4b852c73ba0d6a2d98d5e815fb9591,SORA AI,SRA
18,0x2f7ac9a8aa0a1a395f141488375c007d6009a011,Animemedog,AMMD
18,0x2f7b0abcb83af234cad391175e16fad766aadedf,HAMSTERDEAD,DEAD
18,0x2f8147f4d3bafacd70f4832e336d75e778b64d37,YouTubeCoinChannel,YTCC
18,0x2f8244b03224ad7970d7858c738ffc1dd0026752,CCC,CCC
18,0x2f84219c7f3caa0f3a5577cd984eeea0ab782775,UP,UP
18,0x2f84d9f64d30d2622a7d743e7fbc06f354197c21,Koxee,KOX
18,0x2f85daaab9bdb4ac1644edce5d7b9a1f8cb86244,FUCKSEC,FUCKSEC
18,0x2f8821ff0c39d46b8f08ee2cca2dad0806d9c194,Loserchick,CHICK
18,0x2f894b7738bda3a637f2cab2c3fd3a8cb0572086,LT4,LT4
18,0x2f8b0c14439dacb57452367cd7f5d7b0278e6558,AI Masterpiece,AIPE
18,0x2f8d9a1386e4c2607fe3483f7a93e545eae7c2d1,GRAFRY,GRAFRY
18,0x2f8e0e8d6448213ac4888a29d2e899feee11b344,Zero Point,ZD7
18,0x2f8fb963936bc4daa40fae08b2eac507fb477478,Datacoin,DTC
18,0x2f90ee1817e43bc645626b52ed23d5a385566b1b,StevCon,STC
18,0x2f91db68876781de5e5533ca36646a620c6d828f,Foodtopian,FOOD
18,0x2f95a67268edd537e38ea9c1eed8dac1efc3fb20,Shegenius,SHEG
18,0x2f95fdd763c18ca04d078e37a08c26f2ae3083f8,Chance Token,CH
18,0x2f97aeeb8503f98364e2365c79fd6947fc22a49a,badscam,bscm
18,0x2f9ad110f60b1976dbf13d83890619bfa8e8323d,Valhalla,VHA
18,0x2f9b4b894b94b065b12d805cf3d699d312d38996,APPLES,APLS
18,0x2f9b76a70fedb0548be6bc8289fa79f3ffc3339c,KRIPTONITCOIN,KRIPTONIT
18,0x2f9cef8863e9b5dde1f0e1a0fb216e461cf21725,tete,dgsgd
18,0x2fa1ad917c6bc0587cebdf6c469dcd7959c374da,Testosteron,TST
18,0x2fa208bb8f3591d5e3894bc6a7bc7399e7f8385a,AI PUG,PUGAI
18,0x2fa2759a49de357c230262115156cc5d134cd446,Trena,TRN
18,0x2fa5daf6fe0708fbd63b1a7d1592577284f52256,UnmarshalToken,MARSH
9,0x2fa6b6f57cbbb3fce381bdc7914f3878fa977911,Bank Of America,BOA
18,0x2fa6fd24366c89719df13203ea4ebbfaf47143ec,XTE,XTE
18,0x2fad5875d81f5f1f52ad700cc7b89eb1f2178e10,KMF-ITMCOIN,KMF-ITM
9,0x2fae0ce3749699be1f38b04c996ad788c8b3d81d,WhitheBlock v1.21,WBLCK1
18,0x2faedf6c400bc8c751e81bb28bebcc853de32654,Bull NETWORK,BUll
18,0x2faf0e2a25af28d19e536ba3ed367526c7e7df83,Shrepe,SHRP
18,0x2faf1f675a01b700e4f066d122948b0a3ffe925c,CHEEZ,cheez
18,0x2fafea0357bbf73452bec5e73fc0f47cbebb4e97,Metal pipe wif hat,MPWH
18,0x2fb06b746d0ea983f1206b627631296c45b5b087,ðŸŒ™314,ðŸŒ™314
18,0x2fb0b8e88e03d0249a64bf5ac1949704031f6014,XETH,XETH
9,0x2fb12fae46d3b7d7a5ed74268c501c0c593ad920,Big Time Crypto,BTC
18,0x2fb14ae280b2ec86f921aeded70427e96ae8f71d,Drip,GASLEK
18,0x2fb299920a52f8c5d588d5bdf7a8d185b241e402,NZT,NZT
18,0x2fb31c2a8c10cfdbbbc6fa81ec062701089dbb37,Bitcoin Cat,BITCAT
7,0x2fb57da095178691df56b0bf5753fe2cfa0e7c02,ThanksCZ,TYCZ
18,0x2fbadf6195355c3deda8bc1c10efac1fe7576e37,GRACAR,Gracar
18,0x2fbea24568ec7922a2a7ad419726b7abe4850a5a,Yeezy,Yeezy
18,0x2fbeaa5a598b84335f51614304ec4e4bde64f04c,QL TOKEN,LONG
18,0x2fc00683e0b83a5472cefaf083babe3be9e7dfa6,Tarmex,TARM
18,0x2fc200e7fd6cfcb2f211e1258d628b573ccfd000,Shrimp Paste,SHRIMP
18,0x2fc49b5ff76bfcb12ad0262b1bb369fd53a0c66d,PPPCIOFP TOKEN,PPP
18,0x2fc55017ef2589f41e66f1393778ab6c059b4b1c,RWC,RWC
18,0x2fc58d8183a142ceec7179e6e57bbe8b465dae31,æµ‹è¯•,cs
18,0x2fc6736d5266bde3e993cbe0f3150637ce5f8109,Grafoman,Grom
18,0x2fc92d74abee43458cf9ed4b903625216591ad53,Pepe Wif Hat,PEPEWIFHAT
18,0x2fcaa83bff87f6e55be0d7ab90fcea82b72bee54,FairMint FairMubroc,FairMubroc
18,0x2fcc662f0ac56810c180b2a1ce35941ba262fae0,Nibiru,NIBI
18,0x2fccb0b7a820c1fceb96ca7107822c258d82afde,PEN PINEAPPLE APPLE PEN,PPAP
18,0x2fcf8ab447e92f647bae753b59267a2acbdea5bc,WashingtonRedskins,WAS
9,0x2fd1cffe4cf835b0bf651c6f64a821ba85c08a45,Zero Inflation Finance,ZiFi
18,0x2fd3029e7dba002746d35edb70fc46ece570be4d,Rick and Morty,RAM
9,0x2fd3100dade79aa2419d0ac4596dcadf4b158da8,SuiPad,SUIP
18,0x2fd34fb830d8afe7397b629f5b7912528fa509c6,USER-FOCSED,USER-FOCSED
18,0x2fd667c7dc82bc53d6437cecd196e5821dc21704,BuddyCoin,BUD
18,0x2fd7866ea6e71dd503af4420fba2fd6d3b457508,DEEPDARK,DEDA
18,0x2fd790c0ab1b45b6bf92a9f28da3603a8b8b29dc,dggb,rttyy
18,0x2fd7d03489b0442b34ac8cba4ac79b538b327aeb,Gamblers Anonymous,GA
18,0x2fd8c777f22ead71a48b6d188ab08c2a1ece5c94,Bittech,TEC
18,0x2fda0263bb44d2a2d5f29c5864e2f6bd823a236e,MOMO,MOMO
18,0x2fdabdbdbe7c3eb32bbe22be78b287dbd6b9fd23,PEPAPIN X,PEPAPIN X
18,0x2fde0ef504e99d447bb720c1da56192f9e7ab6e6,REALIS AI,REALIS
18,0x2fde50ed001bccf610f2512e5f29d6d401747c07,Ai Writer ,AiWr
18,0x2fe0aa0407a34e85d6c3ab4b90e3c9621b2709e8,KENSHI,KEN
18,0x2fe108c1ac3a8104079b2e294dad6902dd243456,CoolWallet,Cool
18,0x2fe27448c38fde450d759ba4349488400ee2598a,Trilogy,TGY
18,0x2fe328f274a31f2fa9ec3c04a3ea11b4e4c5637c,Argentina Vibes,CHLCRIS
18,0x2fe77ba7ee613e9c2b15cf4f6ac1a47f82363a4c,AMERICA,A-United
18,0x2fe8e5c23acfe5f270b0c0de307dccef1c7c98c5,hdhf,gtty
18,0x2fefd888da8ace89b85d67598f8e6c56f234a3dc,GOMU,GOMU
18,0x2ff0b946a6782190c4fe5d4971cfe79f0b6e4df2,Mysterium,MYST
18,0x2ff1443cde1e5c5e772dba88982b09bb73a628e2,#Zelena,#Zelena
18,0x2ff1e62023214d1a08b1b0e71d8d8a5891713994,trtet,fgdff
8,0x2ff3e43cdf09638c36b7cb5821bab470d7304944,Dollarino Token,DOLS
18,0x2ff426be049dc85acc4f6ad9d5d3c8ca9c027f2b,GiRAFUN,GiRA
18,0x2ff5165f6a54db153990bbd4a94a62409cca2901,GRADADDY,DADDY
18,0x2ff52251aaa3e77448bb27d4c33c23bc8290bc7b,Rico,RTK
18,0x2ff6ad78f77aebbc3a5034a4d64fa68befbb490d,sjaoeh,lviwni
18,0x2ff739b9b40c857ce2c1fa2e2a4e40659e2023e0,TestToken,TST
18,0x2ff80808e3959ba8ef4aacf062f8bccc22dc0e1c,Crypto Beggar,BEGGAR
18,0x2ff8d8cae3a9633285c60150099bad25c9b4e5d9,Artificial CZ,AICZ
8,0x2ff960f1d9af1a6368c2866f79080c1e0b253997,LABUBU,LABUBU
18,0x2ff9b07db1074fd1d7cdf276ceb68b1767c7fa0b,loli pop,lol
18,0x2ff9fef0a81f19f48f216f2c090b42eff838662b,Cardano,ADA
9,0x2ffd7fd0b196cc95fb8dc34ca0ee5806bd319d5e,Crypto Mantoj,C-MANTOJ
18,0x2ffde3ef730759d656f63be0474d68e8006f67fa,bull run,bur
6,0x2ffe5f2ea116dd9d2b6dc1768d64c0d8295b4640,JVB,JVB
18,0x2ffe75c9fc30ee271e383bcb2326b36ef2314412,NeZha2,NEZHA2
18,0x2ffe9014c5f457f1806e8d4539e57318dfed1115,Barsoom,BARSOOM
18,0x2ffef22abc8bf6bbdf6ccfd35291fd99b2bb8df3,Itanimuli,ITL
18,0x30007313ed3b926e0f6597a1731b488003d01e57,CUBES?,NFC
18,0x30020db197c3077b7b085828abbbf55854004aac,DON,DON
18,0x300262b1576c44eebd9f7b564acffa26689fc762,Turbo,Trb
18,0x300514cf329f09fb05f49596f804645ecd77bed4,Reachme,REME
18,0x3007671430ae34459b855bd352d584954a5b9f5e,JETAI.FUN TEST,TEST
18,0x3008ec1589e99fb3f05d4b41f7dba0e3bc1a7669,Mermaid,Mermaid
18,0x300b2fa3147ef549fc511a8c8ca3892ac6c2abc3,DRUGCOINtoken,DGC
18,0x300d2c875c6fb8ce4bf5480b4d34b7c9ea8a33a4,Pirex Ether OFT,pxETH
18,0x300d472d9b2faec0c2845d7a4617c838da96a5c5,KOLO,KOLO
18,0x300e5741455f0680b99fa1c37984cc721adf566a,BNB Ape,BNBAPE
18,0x300f21da667736839db3fca383180c11f4aeb622,Leader 804,804
9,0x300ff1ef7476e29aa760f29e94b43329caf921eb,OpenAI ZIN,ZIN
9,0x30103ad671f81a798f25f447875d676619afc06a,BeFi Labs,BEFI
18,0x30103ed59329c8d332b165c611a3ce7ab35d55a1,Eid Mubarak,EIDMUBARAK
18,0x3014198f0779e5e19a668d8798661408c8310dd8,dgjyjyukhjluilol,fhfyt
18,0x3015a547875eeb3410ccf4c3b4e941d1728e3be6,pepefork.xyz,FORK
8,0x3018aec5ece2c42afe11aa9ffd91d616780654c8,kun coin,KUN
8,0x3019bf2a2ef8040c242c9a4c5c4bd4c81678b2a1,Green Metaverse Token,GMT
18,0x301a8063065aa540414f2c05be151f4a3852f023,Monster Grws,MGWS
18,0x301af3eff0c904dc5ddd06faa808f653474f7fcc,Unbound,UNB
18,0x301b802faccca2f08ef1b7b829942a7024e11887,CATPOCOIN,CPC
18,0x301cb8492819d03b51452a6c9a89447d96ae7b04,HitlerCoin,HITLER
18,0x301cbe27bcd6376ba65acbe1142e6a04d467dbff,Blur,BLUR
18,0x301f02cbd81c2653bcd72a9d443da136d3b1b1b1,BIBI,BIBI
18,0x301f2c9d219c0b876bdc36a1c9a7fd91ede1dc46,eirubfu,wegg
18,0x301f5fef17bba979e46d2db3d286626960f12689,Fake MELANIA Trump Meme on Binance BNB Chain,MELANIA
18,0x3022a0c2c577b314a21baeb3c7f10ad308bc97de,HIGH8,HIGH8
18,0x30239f55f6fc343849d93ca4ad069fcb6f11b200,Neiro,Neiro
5,0x30254ecef978c852544cfd66929d2642beeae286,TIGRE COIN,TGC
18,0x3027bb5328dfd6f600d23fe2a7b28608f7aa7d22,Tabichain2,Tabi2
18,0x30287644f2b5827830067ed29e276df0b9f026d7,LaunchpadXYZ,LPX
18,0x3028e9bc3fbe2669b806ed9ebcfb47f9d8d7ff80,GRAMP,GRAMP
18,0x3028ebcd35579366b634ce91d8900de305d84e9e,Let's Play A Game,$GAME
18,0x302964765e7400694447e859c6e02f3a973c3595,Pepe,PEPE
18,0x3029e825156c1f85543b77f06fccb5713db001cf,Koki,Ko
18,0x302a6ccd1cfb47a8716e28f4103e83668cf421f0,Love Beasts,LVB
18,0x302b6a9572317aebcd97db24e3469ad11b551266,four_meme,4MEME
18,0x302c377642a047547e9d645e77ba054a578bba13,Grand Theft Auto VI,GTA 6
18,0x302cd8973be5ca2334b4ff7e7b01ba41455559b3,Ethereum PoW,ETHW
18,0x302d8ff71020f161277dee22125df3c3ff3365f1,JILL TEST,JILLTEST
18,0x302f7e84dd5d851ffaad4d12ccccd2e71981a505,xfbv,bdf
18,0x302ffd7e24a87a8468de73d853b0d61cbd5fd57d,test,test
18,0x30316e51f1ea994dd083f0c9b07bb6816969d579,Tinubucoin,TNB
18,0x3034abd0091e0e7f45ba206971b56448cccd7098,123,123
18,0x3037032a164b0c4121dea06b20c503201adcb022,BSCE TOKEN,BSCE
18,0x303705e6df4c7b09e6153badfe1badcd897ba00f,Ms Pepe Mog,PEG
18,0x3037ba0ec9a3d3aabec67d369a203a944ca9cf81,MUA DAO,BMBI
18,0x303a18fde4ac1b5ff04f4ed96518031c312bde3d,Lohibala,Lb
18,0x303e7d0fc25f29b12eb2a083922c46f10757e454,Pancake LPs,Cake-LP
1,0x303f1a9616a2a48b4734f3b951cdc73fc4efbe80,KING PEPE COIN,KPC
18,0x30408cf1229d37979e995aee116de859ced29afe,ego,ego
18,0x3041853925e0c1fd18fc448fe81ea8cc8c0535b0,Croww,Kaw kaw
18,0x304371cdecc40296c89b7dda9eb4423f530362df,bdhigy,jiufg
18,0x3043d13f69695839966e4eaacf187b9da5337ddd,Mittaria,LUCIUM
18,0x30448dca1c5e3474acc3d1015e712d3c8b3f8573,BUNNY,BNY
18,0x30466f351b6ea202505dd19a6f7079365b8124e4,Pepe,PEPE
18,0x30473a4693a8763c9903ef93e3eb61ac274ecdbe,FLUFFY,FLUFFY
18,0x30483cb0f6434cb6e4cfe965011bcc41f7ed6138,GRAKEN,GRAKEN
18,0x3048484c2b606068250b788e363544cadd194ce8,SKALA NETWORK,SKALA
9,0x304af935e351cf38dad45d0c817c55692683b141,pepelove,ppl
18,0x304b107e0e5a417946a7559b5774b6ff48a3bb40,khaokheow,KK
18,0x304b5845b9114182ecb4495be4c91a273b74b509,YieldNest: BNB Liquid Restaking,ynBNB
9,0x305087ae2b5c63858ff0b8d562b4d34add141d09,PRIVET TOKEN,PRIVET
18,0x30549d53e8cf564fe0a55206be8cd3952bf6a14f,f,f
18,0x3056a1e0dfe6bb7a027d87684a5e50bfc701243c,Cat AÄ°,CatAÄ°
18,0x3059d67ec1f3c31f2b127b46535f633a54982b0b,Galactic Mining Mogul,SGMINE
18,0x305aeeb655da5d7b0989a8a882d796a022aa5e26,no0,no0
18,0x305e55c35a42e0d646130f970db6ae330dc29219,aoiefn,biduef
18,0x3060baac59c3715bb2843eb3e0de9602b4bfca5e,Latox,LATOX
18,0x3061c42969cf1b961e5d2438d2b312a7d081b3ac,Test,Test
18,0x3063e1540fc73a71e99504cad66824f81620a8ab,Dancing Hammy,DGHY
18,0x3064f858daccaef2f029f06eb500f6c841f05a04,FUNFT,FFT
18,0x3064fab938a4e26ac3c2d61c17c2d799e37ba6a0,Strawbear,STRBR
18,0x3067db33d87b53b2aa7be198e76a89b5cf91cbdf,RURU,riru
18,0x3068003734d4f5c7b9b703cc3044757ca7e0e115,$Foxie,FOXIE
18,0x3068acbed70e058d90a6c7ee181c2fbe7070c8b2,MEY CAN,MEYCAN
18,0x3068e012dde4cca09109fa7e148588765583a615,Miss Philippines,MSPHI
18,0x30694ed2caecaca40d50074594372f59231d8974,Jestr AI,JSTR
18,0x3069ffa4546e368a41de20358bc443e0e8f761af,The Communicator,TALKFROG
18,0x306d64f303a36a056d6c1fdc4f8d1ba896677374,JIN,JIN
18,0x306dac99087e0ca0ee558f9ca12234a6ae6a6584,cd,sdc
18,0x306e0a9e81712777fe8440967a515d3c642274fb,Ricoin,R
18,0x306f621972b658b89001e39b39445034a05f15c6,ALI,ALI
18,0x306f934d362756ce771c3a02dbab4c9cb87a7f99,PumpkinCoin,PMK
18,0x306fd3e7b169aa4ee19412323e1a5995b8c1a1f4,Black Agnus,FTW
18,0x30733c9ce69c98b06499b9fed7c62e31ab2f8c30,Rabbit Coin,RBTC
18,0x3073a29e0a7c65e2820b260d5229f93b157d6706, duck,DUCK
1,0x30748f980f3975c9c0754c69bd55afd27e2bd1d9,Lunaris,LUNA
18,0x3075a37219c9de53b648aa852e9a843a953e9756,SDADAS,QWE
9,0x3077bcc01c03f9dc921e37ba6545f67acef4deaf,Space Degen1,SPEN1
12,0x307b7ae2e8919419beb881e6d77d7e27db9a1dc3,USDDT,USDDT
18,0x307bc76e3d59ed73886a9cf9360a9286f6281ba7,LimeWire Token,LMWR
18,0x307c5c9a010a2ac3b69cd74b373b575acc04a57c,IoT coin,IOTC
18,0x307d0d14584798f5f02958077c0ac770d983fb2d,Test3,TST3
18,0x307d13ffe510f17e19e7ca4c8d94931b7f50104e,Sybulls,SYBL
18,0x307f8e144137ad5327c8a7dba23c4c4478449514,nihaoqwe,nihao
18,0x3080c5bd9dd475c7806aa65d524bc184ad01c667,RoboAI,RoboAI
18,0x30815588ea30c0a85d1f5685e70d3bc28dd2ae99,Walter White,Walt
18,0x30842a9c941d9de3af582c41ad12b11d776ba69e,QnA3.AI Token,GPT
8,0x30861acabb4f9b6044a459393dfb7c8f6d482fd2,Xcoin,1000X
18,0x3086e5f85e0c17e12e6333ae3e7590c088a315d6,Shadows' Honor,DSKT
18,0x3089c598bbaa031a42316c55e4b8519f9a0baf15,Alien Monstaz,ALMO
18,0x308acdddf5bfa608fd92840adafe430867ef6d2d,stars,stars
18,0x308b17bb47dd2c8a104df7a762249cb349dd3fc3,Ducky GraNeiro,GraNeiro
18,0x308b3496bcaeefc0ea0fdbab089558cf18b70e08,Verdis,VDS
9,0x308bfaeaac8bdab6e9fc5ead8edcb5f95b0599d9,Poly-Peg ONG,ONG
18,0x308de1ea956429dd772ec35e93359fb4d63247b2,Risking Supply,GMBL50
18,0x308e548ae61f411702739a990d37acc7d2871805,Ethereum Token,ETH
18,0x3090518ff2259f36c58f061566e9eacc81cbc60a,Hua Hua,HUAHUA
18,0x30912b3f3be45fd8f305ceb9a004dc8e55213a29,cbg9euh,nidehr
18,0x3092453a45821a78af0cd8b538ac2648442a2946,PEPEBARA,PEPEBARA
18,0x3097adbd0ea6a7638ddb7c7d5f649e47d1080371,rywy,trere
18,0x309878fec7d4014964a1176c6edf7dcf2f91ae3e,bsc st 3,BS3
18,0x309b682b9fc20642257a22dd3a5fca86862d4678,TastyCoin,TST
18,0x309d6a1d5dbd23b2243d539d2cb3e69521c2028b,SADQW,QWEWQ
18,0x309e9c2b762b158b068836465555faf2da80d6f3,ADI,ADI
18,0x30a0528594be20f96a9a57961fd40e7d1114f2da,FunVana,FUNVANA
18,0x30a3a20b24d78bce0e282861c7a946c544e0bbcf,Catizen,Cati
18,0x30a55ec56e92fdcfa7439081b5547d08d4790a1a,BabyPerry,BabyPerry
18,0x30a6261184810f31ed74ebabc7d1ef2d4747c3f6,hoodie,hoodie
18,0x30a96d03443c851f310a244306625dd30d3a1f78,DuckDoge,GRAGE
18,0x30ab1d0bc99314b91f7ee734a1733d4124b1f9a3,Rescue Ted,TEDSAVE
18,0x30ab8cd53f4e22798492579b001591cde3d2b1af,PegNet,PEG
18,0x30ae2e7e8ae83be4b43b557f6dac3c427afe3755,PUMP,PUMP
18,0x30ae9391a579761ce01a9ef851b679f5303e0e93,MeMe,MeMe
9,0x30af1a7086f4499a526a9528911faf8cb043e474,MERL,MERL
18,0x30b06515e1435a9e4d57dcadd26b5aab2a74a3f4,PROSTO EBI BRO,$PEB
18,0x30b3d7b2a09c3c2f7fd7cf34be081408f203274e,PEPE,PEPE AI
2,0x30b3ed6343b98fb8f02086e0cf8bcc643712b732,Dollars,USD
18,0x30b41acd2905660de640d2fb52e739051d31cab4,BIBI,BIBI
18,0x30b4255c913885f1e6ea6cddb69eb93f4cb33d34,Donald,DNLD
9,0x30b4af2d3b5970d50a4a96eee53733c0ca92be56,BitCoin CASH,BTCCSH
18,0x30b5e345c79255101b8af22a19805a6fb96ddebb,REV3AL,REV3L
18,0x30b832e2e98463d9130b822bd9f294287edd0422,Moox V2,MOOX
18,0x30b860e5fb1ab05a970ab5cbfaad683f5635133a,DTA coin,DTA
18,0x30b94f21f4712076be9dd21a08742d8739ea8973,LOGAN,gan
18,0x30ba490dba55a69160b2e8d564e141846bc69225,Hot launch soon?,HOT
18,0x30ba663f1651276321abcfa715850c1abfde4fb9,Cat Community,CAT
18,0x30bb6f79de0e4995403eaaa8f7ebda7f9c384d93,ghfhh,fhggg
18,0x30bc7bfa7620e58d1c4ed9cd84183a51efd04d38,LATON,CUZN
18,0x30bdfbb41a82f5c4397a73f233925860a674ff41,Build forward,Build
18,0x30c08dfab05f5c923924ce8eb419d7d7b8151b91,SORA,SORA
18,0x30c0ea34bc55cb35238ad13f29e2fa832ef70bb2,XIN Token,XIN
18,0x30c1cea4f3b77b5657a8a70a72cbb216719af85f,Test,TST
18,0x30c438425f7a28842537db2b110e4a9c9ecebce1,GraGra,Graa
18,0x30c4e5f13b2943d885e5f7f250c3647d7bffe118,Bullionaire,BNAIRE
18,0x30c56a05efc256346388f467f7178d5f82f34fcf,SYNART,ART
18,0x30c56d3c0af382ada3dbf74e70ba05e072ea5f3a,Grasimple,Gras
18,0x30c65dfab0ad506c73783ff2cb4239ae8df6b1eb,GeRAld,GRALD
18,0x30c7b407e552fc62c7951dd9a380c876c86c1a18,SpaceNext,SPACENEXT
18,0x30c9ae0ecf92ae1682f52e705004defa4569f006,Lucinta Luna,$LUNA
18,0x30ca1ab8ef71f8a2f5318636ca9b18cdbfb35463,Shrek Fun,SHRfun
18,0x30cacf4dc449ba41e86ba6c0bfe6acbcd0de6bfa,Autobahn G,AUBG
18,0x30cbd71066f6ebdfadee934e97baba4c1ca7cbc8,Virat,VRT
18,0x30ccef278a1ee23881063ff797051c8bf6560cba,CZ's Adopted Goat,B
18,0x30cd2839e20d34c8943104cf5636586e50f1b477,hccjhcjhvk,jhvh
18,0x30cd515d7ff01c249c7dcf40182a42716fd32a8a,asfjklk2sdfsdf,45345345
18,0x30cd87eeddff4d35f2403006b20cb66a9abe570f,Voddie Baucham,Voddie
18,0x30cf210280eb18375c904b7f33d0fa1c3df76f78,xjirlty,ykfltn
18,0x30d04e01169c04b55d30ac2d01e461b21e6a521e,Catamoto,CATA
18,0x30d2f1ce077080f6c413318e33f1bae87b335f17,FGuyTy,FGT
18,0x30d4307eecb621e587c6540606bfebac547f1173,Twocats,Two
18,0x30d453c75c90ad3a4658b2633513ff149b2ab8d4,AppFun,AFN
18,0x30d5106d414ccc4d0dfb0631bab02932ccd0ad5f,dgfh,ghftt
18,0x30d7526bb71de71ff91e2ce7ca194dc32d6b504c,TGWC05,TGWC05
18,0x30d9befff747de6ece413fd613a9237b6ad90783, VOOD,VOOD
18,0x30db304dbeae0fa9129a3f8969d2da1cfb3c11c9,CATS,CATS
18,0x30dcf87c469d9c9bbc0772c5a090bc126d27ab08,FairMint broccoli,broccoli
13,0x30dcf96a8a0c742aa1f534fac79e99d320c97901,SourceLess,STR
18,0x30dd5e884a1c84bc7f638cb228b995cec51e8e68,Hoodrich,HDR
18,0x30ddbd354dc61758f0cb3050040ccadf88c84212,TIGGER TOKEN,TIGGER
18,0x30dfc5ad91066cf115ba55cd63eb6f43ca443bce,opnichaintoken,OPNI
18,0x30e46ac419e2497f7b9aaeb5ba09aa97042214a9,frampcoin,frampcoin
18,0x30e62321eed0a1cf1f984450d51554a768629980,Bean,BEAN
18,0x30e66cbec18292e147905573c9bd6dd320ffcb07,ALTRUISTIC XRP,XRFUND
18,0x30e8d01d7cc54776fd52d8e53dba6650e999ef3a,Pearl,Pearl
18,0x30e9a6db80b43a901c3f5357244e3a96a6749624,Test Token,Test
18,0x30ea05bb9295be001acb7ed196f5c699aeb372b3,XRender AI,XRAI
18,0x30ee88a20dc547f81277738fc4ffda060bcae754,GRAGRA,GRAGRAGR
18,0x30ef46ecfc7d047810c9143af60072adf18bf01b,SAGA,SAGA
8,0x30f31473a8c217f34e991570e4b1d6c04429aa61,CODToken,COD
18,0x30f56431df328532a28b3a9a4288a72a10eaca1d,In Memory of Rory,RORYFLY
9,0x30f5e6fd3023e62e854f6250b2c77dcfa4c0cc27,PXR NETWORK,PXR
18,0x30f5eb07d15744fcd6211912cc47ce4649ffd25e,456,sd456cd
18,0x30f6ffa200318fee49054b257169d143bcd0b029,The Most Famous Swimming Pool in the World,SwimPool
18,0x30f89ff3a59cc580d1dcc565080612687ed25650,FAMO Token,FAMO
18,0x30f928f56b448c856dc76194aa8fd129eafb96f4,Broccoli,Broccoli
18,0x30f940461756d4cd97dfe5b9830d04b58f286a81,PepeTop,PepeTop
8,0x30f9d28eb76af4dfa8429936ad992190eeb21146,MoonSoon,MoonSoon
18,0x30fac0f57270a1eb2556395523e21b4cddda35ab,CZ IS FREE, FREE
6,0x30fae7f291babe50ae2023872b41ed6fa9e04ed2,Six Domain Token,SDA
9,0x30faea1baf8ae3fb3035d9a6985f4ba76d577cf8,LoLBiT,LBT
18,0x30fcb075c3e624bbc37d671896136f7ddcb001b7,GRABULL,GRABULL
18,0x30fe0333504a199a099042a403ce069af8136344,Wagecucks,WAGE
18,0x30fe36db9de74a0bc8b1e64ec176c0a6a97f81be,WinzoneSwap,WZM
18,0x30fedb12dbb89edba502265f9961658727ce40b5,BKA,BKA
18,0x310065a32bc88b5f879e1fd3555b0771d0b1efce,Honest Coin,HOC
18,0x3101cb18d0632b25b54eee157c47775fcd85c947,ZKITTLEZ..THE CAT,ZKITTLEZ
18,0x31043f87a6aa510404bbee0f736d1e967434fc19,EMMA Protocol ,EMMA 
18,0x310506caf8ca2a413138b816f31c28f830d7d8de,#FREECRYPTO,FCRPT
18,0x310512c17ace113c69f84db69d772628d7756e91,Satoru Gojo,SG
18,0x31075d4e65d859fa51162e7b4a4a8c4981c5c27a,Azzbackwardz,AZZ
18,0x3107a19cb7022c0ee94c7b842c44b164630d5b04,hypeloot,HPLT
18,0x3107ada38aaf340a8e6415a6aabeae0e8a6df1dc, tter,fggg
18,0x3107c0a1126268ca303f8d99c712392fa596e6d7,Gem Exchange and Trading,GXT
18,0x3108394574e49185d5083dcebcd8fb90b080ddb5,Jockey,Jockey
18,0x3108d959a835a4bb9e30b4efce2d0177d124a5d8,INDOMEME,INDOM
18,0x310be26dfcbcc5f42c98a7fe7c76e802e35a0b1b,Pancake LPs,Cake-LP
18,0x310cc8a13e08c9c50d9494a0a9f9d4019d7542fe,BlockWear,BLW
8,0x310ea7611832b4b662d050883f392bad61ae5675,HCOIN,H-COIN
18,0x31126ee93ba56e0f203e00e8acd633e47504fac6,LOVE,LOVE
18,0x31135a1d5358752863c3f9d6417b763055909207,Money Machine Pengu,MPENGU
18,0x3114f600305de92f9a95d533385ddaed2df86da7,INDO RECE,RECE
18,0x31151a9c88710440d7783c016a42e93ffca0f1cc,(G)I-DLE,$GIDLE
18,0x3116494156672f9d961bd11bb8436e591d5b0b91,RATBOSS,RATBOSS
18,0x3118f4f12dfe9614c155be5d3641213f7e418792,Polyhedra Project,POLP
18,0x31190dbdb0b7e87e86f23a5b6f4ff31dcd5097b6,Cheesy Coin,CHTDS
9,0x3119d579a46a1887db447d857e744f1be7d75e8a,uCoder,UCDR
18,0x311b9e204b27689bd613c16b137497b40a6cd492,BNB GOUT,BNBGOUT
18,0x311c7dae29d3541ce891c327b29e1a90391c6301,CHICKEN,CHIX
18,0x311c9d13fdd21005b0dc4bd8fe2edbe0c18c80d2,Groklet the Muppets,GROKLET
2,0x311ca95eccee071e266c0bb3b1127c2083115031,NewMyBasicToken,nMBT
18,0x311ec870e3d7172896ca9f18145bafc8902c9f3b,BTBSaga,BTBS
18,0x311fafa4649583f0add8f7b3130cc139b84dbb06,Metapotamians,MTP
18,0x31222e48851cc9ca9afa562880e173feb8902216,ALPINE,ALP
18,0x31252be7d7ac28d547d41bd01399d9f3154d9c7f,Chihu Dog,Chihu
18,0x3125e8714e5160fbf1b65f3893dc28728c1d2294,Ark Token,ARK
18,0x3125f710f00f937b3c9e03505f5639a010386802,Chrono,TMNUM
18,0x3127186f26a7d3f39837c57673980b4e376bf5b3,Magic internet money,MIM
18,0x312751a5da62457129445cf7d194b1d5729cb19d,Nether Swine,PIGGOLD
18,0x312cb2cc83cd4ed56c8d35b85933681d516c6fe0,vvjhgkgk,vvgvj
18,0x312d43881860807fa04b193d69744d087fc3308a,BRC-20 DEX,BD20
18,0x312e94ad448ad54427d881521931609b8b0fb57b,p,p
8,0x3131031eaae134c0992e111883d091a92649188d,MXTT,MXTT
18,0x3131a8f9213d5e784a852c89e2e868e514e3a44b,NoseCoin,The Nose
18,0x3132639c1a905a786b27f801a987840056be8fe1,PPX Finance,PPX
18,0x3132ac36041bc5cc1f47fe349d1340290d555de6,CHAT                                                                                                                                      0xD69ee2e508363FEd57f89917D5ca03e715ee5519,DECHAT
18,0x3132d3802c32a381d961919be88c303c104e3222,Cats,CTS
18,0x31331c3cd09fff74e21684567bc9602de2cf4013,DTSDEMO2,Dts demo 2
1,0x3134f952200b750e7386e2f4eaab0e821aafabc4,Pzn coin,Pzn
18,0x31351b7d1377f38f8eb62ce9291f271ebdb84708,PLY Token,PLY
18,0x31357d08d9ddf47c15a9d6737f23394ec3ccc0f5,456's Wealth,WIF456
8,0x313693ff96c1ee7b93765b57c786639f357738bb,Wrapped Stohn Coin,WSOH
18,0x3136d69e7d1f488adbc3274c38c035264cce8502,Mr X,MRX
18,0x3138d395d3d1ef0655d3c188a51eb3c47012e198,DUCKENIX GoldenWeek,DUNIX
18,0x31391e995a21cca8523a18a81255cb44d459d016,Trump 404,TRUMP404
18,0x3139bb2a660f6fd41b8ad7d0868e9ce77b307e4a,youtube,yb
18,0x3139dff37eefec750eb63b32788aeb25cefab0bc,PEPE DAD,PEPD
9,0x313c22797b9657e6def2ecc4e56924645c5b3426,BusdPepe,BuPe
9,0x313c8fafe58b33c7a064d94e7509fb0d29179d23,rabwifhat,rab
18,0x313fc48498ca9a99c77464cac0ebf4a29de7dae5,Wrapped Thynk,WTHYNK
18,0x3140926f520d98dc9c1cb7da15bf859a47d7a963,Feline Artistry,CATPAINT
18,0x314405a172aaafaa90be3fd302a393147c25c97f,TEST,TEST
18,0x31443f2e67e3d5acf137c666e3db638d9c86bca2,Park Sea,PAS
18,0x314536c1a00be86590599e069eda5e9fe8fcccaa,uj,ju
18,0x31471e0791fcdbe82fbf4c44943255e923f1b794,Plant vs Undead Token,PVU
18,0x3147b910d50e7b356fe6c4a266fd95b1cf564853,BIG EGG,BIGEGG
18,0x3148228a97e7dfa6f82e47e377baac1712b86385,Robin Hood ,RH
18,0x31482a3b99104ab1aac0bd5dd3060256bb219276,Risha ,Rissh
18,0x3149e95a26e33b4205d74f1a937f2f2160bbc65f,Binance Cosmic Buddy,ASTRBIN
18,0x314b463b96e3553a8c992881181cb5a0b0ad7aa9,Anryton,Anryton
18,0x314b9147d87af832a2630075800ca283caae8048,Bondex coin,BNDX
18,0x314bc6c98a28bd0580651233c351f2994cc12645,ShibaKeanu,SHIBK
18,0x314d92470a744ff143c0bc92148be68b431ec82b,Czech Beauty,ELISKA1
18,0x314e5cdc07a2791b24b6f947c519d4ab5d056ad8,DemoTramp,DTRAMP
18,0x315034075110edc11256b23973508d58567ae446,Green light token,GLT
18,0x3151cabb8472e1d96bacd0b6fad7f6dfde3f51eb,Jupiter,JUP
4,0x3152e1a41bde7d5a139799be57c1ee10fbc5cdbd,Bitcoin Money,BCM
18,0x3155cf1a59781a56257fa7142863fa508ce44365,ETH Mascot,ETMKY
18,0x3158156e61364f1fb14802501e6eab4628414e65,Pepe of David,DPPEPE
18,0x315c40d5422307b8b7f88798514ba358540b7553,MintPad,MINT
18,0x3161ed5d8443101c29635ff36a2e45c2a8b4ebe0,GraTit,BigGraa
18,0x31640330cd2337e57c9591a2a183ac4e8a754e87,SERA,SERA
18,0x3165a36d58a97f2e946a55df811b49aed3c6b5e1,Wow,Oooooooo
18,0x3166ccbf45045e5342aa2ba890e1f938ce43d168,Shiro,SH
18,0x3166dfa1f4a1885f65292cf6747e96ab2e8f13a4,MOTONG,MOTONG
18,0x3166e9c600a9952fa02632b793b2dfc075da8b61,CLANKER Token,CLANKER
18,0x316746d7cc82f2915db6931be9d5ba320a1f4aae,Test2,TST2
